img,label
div0.jpg,0
div1.jpg,0
div10.jpg,0
div100.jpg,0
div1000.jpg,0
div1001.jpg,0
div1002.jpg,0
div1003.jpg,0
div1004.jpg,0
div1005.jpg,0
div1006.jpg,0
div1007.jpg,0
div1008.jpg,0
div1009.jpg,0
div101.jpg,0
div1010.jpg,0
div1011.jpg,0
div1012.jpg,0
div1013.jpg,0
div1014.jpg,0
div1015.jpg,0
div1016.jpg,0
div1017.jpg,0
div1018.jpg,0
div1019.jpg,0
div102.jpg,0
div1020.jpg,0
div1021.jpg,0
div1022.jpg,0
div1023.jpg,0
div1024.jpg,0
div1025.jpg,0
div1026.jpg,0
div1027.jpg,0
div1028.jpg,0
div1029.jpg,0
div103.jpg,0
div1030.jpg,0
div1031.jpg,0
div1032.jpg,0
div1033.jpg,0
div1034.jpg,0
div1035.jpg,0
div1036.jpg,0
div1037.jpg,0
div1038.jpg,0
div1039.jpg,0
div104.jpg,0
div1040.jpg,0
div1041.jpg,0
div1042.jpg,0
div1043.jpg,0
div1044.jpg,0
div1045.jpg,0
div1046.jpg,0
div1047.jpg,0
div1048.jpg,0
div1049.jpg,0
div105.jpg,0
div1050.jpg,0
div1051.jpg,0
div1052.jpg,0
div1053.jpg,0
div1054.jpg,0
div1055.jpg,0
div1056.jpg,0
div1057.jpg,0
div1058.jpg,0
div1059.jpg,0
div106.jpg,0
div1060.jpg,0
div1061.jpg,0
div1062.jpg,0
div1063.jpg,0
div1064.jpg,0
div1065.jpg,0
div1066.jpg,0
div1067.jpg,0
div1068.jpg,0
div1069.jpg,0
div107.jpg,0
div1070.jpg,0
div1071.jpg,0
div1072.jpg,0
div1073.jpg,0
div1074.jpg,0
div1075.jpg,0
div1076.jpg,0
div1077.jpg,0
div1078.jpg,0
div1079.jpg,0
div108.jpg,0
div1080.jpg,0
div1081.jpg,0
div1082.jpg,0
div1083.jpg,0
div1084.jpg,0
div1085.jpg,0
div1086.jpg,0
div1087.jpg,0
div1088.jpg,0
div1089.jpg,0
div109.jpg,0
div1090.jpg,0
div1091.jpg,0
div1092.jpg,0
div1093.jpg,0
div1094.jpg,0
div1095.jpg,0
div1096.jpg,0
div1097.jpg,0
div1098.jpg,0
div1099.jpg,0
div11.jpg,0
div110.jpg,0
div1100.jpg,0
div1101.jpg,0
div1102.jpg,0
div1103.jpg,0
div1104.jpg,0
div1105.jpg,0
div1106.jpg,0
div1107.jpg,0
div1108.jpg,0
div1109.jpg,0
div111.jpg,0
div1110.jpg,0
div1111.jpg,0
div1112.jpg,0
div1113.jpg,0
div1114.jpg,0
div1115.jpg,0
div1116.jpg,0
div1117.jpg,0
div1118.jpg,0
div1119.jpg,0
div112.jpg,0
div1120.jpg,0
div1121.jpg,0
div1122.jpg,0
div1123.jpg,0
div1124.jpg,0
div1125.jpg,0
div1126.jpg,0
div1127.jpg,0
div1128.jpg,0
div1129.jpg,0
div113.jpg,0
div1130.jpg,0
div1131.jpg,0
div1132.jpg,0
div1133.jpg,0
div1134.jpg,0
div1135.jpg,0
div1136.jpg,0
div1137.jpg,0
div1138.jpg,0
div1139.jpg,0
div114.jpg,0
div1140.jpg,0
div1141.jpg,0
div1142.jpg,0
div1143.jpg,0
div1144.jpg,0
div1145.jpg,0
div1146.jpg,0
div1147.jpg,0
div1148.jpg,0
div1149.jpg,0
div115.jpg,0
div1150.jpg,0
div1151.jpg,0
div1152.jpg,0
div1153.jpg,0
div1154.jpg,0
div1155.jpg,0
div1156.jpg,0
div1157.jpg,0
div1158.jpg,0
div1159.jpg,0
div116.jpg,0
div1160.jpg,0
div1161.jpg,0
div1162.jpg,0
div1163.jpg,0
div1164.jpg,0
div1165.jpg,0
div1166.jpg,0
div1167.jpg,0
div1168.jpg,0
div1169.jpg,0
div117.jpg,0
div1170.jpg,0
div1171.jpg,0
div1172.jpg,0
div1173.jpg,0
div1174.jpg,0
div1175.jpg,0
div1176.jpg,0
div1177.jpg,0
div1178.jpg,0
div1179.jpg,0
div118.jpg,0
div1180.jpg,0
div1181.jpg,0
div1182.jpg,0
div1183.jpg,0
div1184.jpg,0
div1185.jpg,0
div1186.jpg,0
div1187.jpg,0
div1188.jpg,0
div1189.jpg,0
div119.jpg,0
div1190.jpg,0
div1191.jpg,0
div1192.jpg,0
div1193.jpg,0
div1194.jpg,0
div1195.jpg,0
div1196.jpg,0
div1197.jpg,0
div1198.jpg,0
div1199.jpg,0
div12.jpg,0
div120.jpg,0
div1200.jpg,0
div1201.jpg,0
div1202.jpg,0
div1203.jpg,0
div1204.jpg,0
div1205.jpg,0
div1206.jpg,0
div1207.jpg,0
div1208.jpg,0
div1209.jpg,0
div121.jpg,0
div1210.jpg,0
div1211.jpg,0
div1212.jpg,0
div1213.jpg,0
div1214.jpg,0
div1215.jpg,0
div1216.jpg,0
div1217.jpg,0
div1218.jpg,0
div1219.jpg,0
div122.jpg,0
div1220.jpg,0
div1221.jpg,0
div1222.jpg,0
div1223.jpg,0
div1224.jpg,0
div1225.jpg,0
div1226.jpg,0
div1227.jpg,0
div1228.jpg,0
div1229.jpg,0
div123.jpg,0
div1230.jpg,0
div1231.jpg,0
div1232.jpg,0
div1233.jpg,0
div1234.jpg,0
div1235.jpg,0
div1236.jpg,0
div1237.jpg,0
div1238.jpg,0
div1239.jpg,0
div124.jpg,0
div1240.jpg,0
div1241.jpg,0
div1242.jpg,0
div1243.jpg,0
div1244.jpg,0
div1245.jpg,0
div1246.jpg,0
div1247.jpg,0
div1248.jpg,0
div1249.jpg,0
div125.jpg,0
div1250.jpg,0
div1251.jpg,0
div1252.jpg,0
div1253.jpg,0
div1254.jpg,0
div1255.jpg,0
div1256.jpg,0
div1257.jpg,0
div1258.jpg,0
div1259.jpg,0
div126.jpg,0
div1260.jpg,0
div1261.jpg,0
div1262.jpg,0
div1263.jpg,0
div1264.jpg,0
div1265.jpg,0
div1266.jpg,0
div1267.jpg,0
div1268.jpg,0
div1269.jpg,0
div127.jpg,0
div1270.jpg,0
div1271.jpg,0
div1272.jpg,0
div1273.jpg,0
div1274.jpg,0
div1275.jpg,0
div1276.jpg,0
div1277.jpg,0
div1278.jpg,0
div1279.jpg,0
div128.jpg,0
div1280.jpg,0
div1281.jpg,0
div1282.jpg,0
div1283.jpg,0
div1284.jpg,0
div1285.jpg,0
div1286.jpg,0
div1287.jpg,0
div1288.jpg,0
div1289.jpg,0
div129.jpg,0
div1290.jpg,0
div1291.jpg,0
div1292.jpg,0
div1293.jpg,0
div1294.jpg,0
div1295.jpg,0
div1296.jpg,0
div1297.jpg,0
div1298.jpg,0
div1299.jpg,0
div13.jpg,0
div130.jpg,0
div1300.jpg,0
div1301.jpg,0
div131.jpg,0
div132.jpg,0
div133.jpg,0
div134.jpg,0
div135.jpg,0
div136.jpg,0
div137.jpg,0
div138.jpg,0
div139.jpg,0
div14.jpg,0
div140.jpg,0
div141.jpg,0
div142.jpg,0
div143.jpg,0
div144.jpg,0
div145.jpg,0
div146.jpg,0
div147.jpg,0
div148.jpg,0
div149.jpg,0
div15.jpg,0
div150.jpg,0
div151.jpg,0
div152.jpg,0
div153.jpg,0
div154.jpg,0
div155.jpg,0
div156.jpg,0
div157.jpg,0
div158.jpg,0
div159.jpg,0
div16.jpg,0
div160.jpg,0
div161.jpg,0
div162.jpg,0
div163.jpg,0
div164.jpg,0
div165.jpg,0
div166.jpg,0
div167.jpg,0
div168.jpg,0
div169.jpg,0
div17.jpg,0
div170.jpg,0
div171.jpg,0
div172.jpg,0
div173.jpg,0
div174.jpg,0
div175.jpg,0
div176.jpg,0
div177.jpg,0
div178.jpg,0
div179.jpg,0
div18.jpg,0
div180.jpg,0
div181.jpg,0
div182.jpg,0
div183.jpg,0
div184.jpg,0
div185.jpg,0
div186.jpg,0
div187.jpg,0
div188.jpg,0
div189.jpg,0
div19.jpg,0
div190.jpg,0
div191.jpg,0
div192.jpg,0
div193.jpg,0
div194.jpg,0
div195.jpg,0
div196.jpg,0
div197.jpg,0
div198.jpg,0
div199.jpg,0
div2.jpg,0
div20.jpg,0
div200.jpg,0
div201.jpg,0
div202.jpg,0
div203.jpg,0
div204.jpg,0
div205.jpg,0
div206.jpg,0
div207.jpg,0
div208.jpg,0
div209.jpg,0
div21.jpg,0
div210.jpg,0
div211.jpg,0
div212.jpg,0
div213.jpg,0
div214.jpg,0
div215.jpg,0
div216.jpg,0
div217.jpg,0
div218.jpg,0
div219.jpg,0
div22.jpg,0
div220.jpg,0
div221.jpg,0
div222.jpg,0
div223.jpg,0
div224.jpg,0
div225.jpg,0
div226.jpg,0
div227.jpg,0
div228.jpg,0
div229.jpg,0
div23.jpg,0
div230.jpg,0
div231.jpg,0
div232.jpg,0
div233.jpg,0
div234.jpg,0
div235.jpg,0
div236.jpg,0
div237.jpg,0
div238.jpg,0
div239.jpg,0
div24.jpg,0
div240.jpg,0
div241.jpg,0
div242.jpg,0
div243.jpg,0
div244.jpg,0
div245.jpg,0
div246.jpg,0
div247.jpg,0
div248.jpg,0
div249.jpg,0
div25.jpg,0
div250.jpg,0
div251.jpg,0
div252.jpg,0
div253.jpg,0
div254.jpg,0
div255.jpg,0
div256.jpg,0
div257.jpg,0
div258.jpg,0
div259.jpg,0
div26.jpg,0
div260.jpg,0
div261.jpg,0
div262.jpg,0
div263.jpg,0
div264.jpg,0
div265.jpg,0
div266.jpg,0
div267.jpg,0
div268.jpg,0
div269.jpg,0
div27.jpg,0
div270.jpg,0
div271.jpg,0
div272.jpg,0
div273.jpg,0
div274.jpg,0
div275.jpg,0
div276.jpg,0
div277.jpg,0
div278.jpg,0
div279.jpg,0
div28.jpg,0
div280.jpg,0
div281.jpg,0
div282.jpg,0
div283.jpg,0
div284.jpg,0
div285.jpg,0
div286.jpg,0
div287.jpg,0
div288.jpg,0
div289.jpg,0
div29.jpg,0
div290.jpg,0
div291.jpg,0
div292.jpg,0
div293.jpg,0
div294.jpg,0
div295.jpg,0
div296.jpg,0
div297.jpg,0
div298.jpg,0
div299.jpg,0
div3.jpg,0
div30.jpg,0
div300.jpg,0
div301.jpg,0
div302.jpg,0
div303.jpg,0
div304.jpg,0
div305.jpg,0
div306.jpg,0
div307.jpg,0
div308.jpg,0
div309.jpg,0
div31.jpg,0
div310.jpg,0
div311.jpg,0
div312.jpg,0
div313.jpg,0
div314.jpg,0
div315.jpg,0
div316.jpg,0
div317.jpg,0
div318.jpg,0
div319.jpg,0
div32.jpg,0
div320.jpg,0
div321.jpg,0
div322.jpg,0
div323.jpg,0
div324.jpg,0
div325.jpg,0
div326.jpg,0
div327.jpg,0
div328.jpg,0
div329.jpg,0
div33.jpg,0
div330.jpg,0
div331.jpg,0
div332.jpg,0
div333.jpg,0
div334.jpg,0
div335.jpg,0
div336.jpg,0
div337.jpg,0
div338.jpg,0
div339.jpg,0
div34.jpg,0
div340.jpg,0
div341.jpg,0
div342.jpg,0
div343.jpg,0
div344.jpg,0
div345.jpg,0
div346.jpg,0
div347.jpg,0
div348.jpg,0
div349.jpg,0
div35.jpg,0
div350.jpg,0
div351.jpg,0
div352.jpg,0
div353.jpg,0
div354.jpg,0
div355.jpg,0
div356.jpg,0
div357.jpg,0
div358.jpg,0
div359.jpg,0
div36.jpg,0
div360.jpg,0
div361.jpg,0
div362.jpg,0
div363.jpg,0
div364.jpg,0
div365.jpg,0
div366.jpg,0
div367.jpg,0
div368.jpg,0
div369.jpg,0
div37.jpg,0
div370.jpg,0
div371.jpg,0
div372.jpg,0
div373.jpg,0
div374.jpg,0
div375.jpg,0
div376.jpg,0
div377.jpg,0
div378.jpg,0
div379.jpg,0
div38.jpg,0
div380.jpg,0
div381.jpg,0
div382.jpg,0
div383.jpg,0
div384.jpg,0
div385.jpg,0
div386.jpg,0
div387.jpg,0
div388.jpg,0
div389.jpg,0
div39.jpg,0
div390.jpg,0
div391.jpg,0
div392.jpg,0
div393.jpg,0
div394.jpg,0
div395.jpg,0
div396.jpg,0
div397.jpg,0
div398.jpg,0
div399.jpg,0
div4.jpg,0
div40.jpg,0
div400.jpg,0
div401.jpg,0
div402.jpg,0
div403.jpg,0
div404.jpg,0
div405.jpg,0
div406.jpg,0
div407.jpg,0
div408.jpg,0
div409.jpg,0
div41.jpg,0
div410.jpg,0
div411.jpg,0
div412.jpg,0
div413.jpg,0
div414.jpg,0
div415.jpg,0
div416.jpg,0
div417.jpg,0
div418.jpg,0
div419.jpg,0
div42.jpg,0
div420.jpg,0
div421.jpg,0
div422.jpg,0
div423.jpg,0
div424.jpg,0
div425.jpg,0
div426.jpg,0
div427.jpg,0
div428.jpg,0
div429.jpg,0
div43.jpg,0
div430.jpg,0
div431.jpg,0
div432.jpg,0
div433.jpg,0
div434.jpg,0
div435.jpg,0
div436.jpg,0
div437.jpg,0
div438.jpg,0
div439.jpg,0
div44.jpg,0
div440.jpg,0
div441.jpg,0
div442.jpg,0
div443.jpg,0
div444.jpg,0
div445.jpg,0
div446.jpg,0
div447.jpg,0
div448.jpg,0
div449.jpg,0
div45.jpg,0
div450.jpg,0
div451.jpg,0
div452.jpg,0
div453.jpg,0
div454.jpg,0
div455.jpg,0
div456.jpg,0
div457.jpg,0
div458.jpg,0
div459.jpg,0
div46.jpg,0
div460.jpg,0
div461.jpg,0
div462.jpg,0
div463.jpg,0
div464.jpg,0
div465.jpg,0
div466.jpg,0
div467.jpg,0
div468.jpg,0
div469.jpg,0
div47.jpg,0
div470.jpg,0
div471.jpg,0
div472.jpg,0
div473.jpg,0
div474.jpg,0
div475.jpg,0
div476.jpg,0
div477.jpg,0
div478.jpg,0
div479.jpg,0
div48.jpg,0
div480.jpg,0
div481.jpg,0
div482.jpg,0
div483.jpg,0
div484.jpg,0
div485.jpg,0
div486.jpg,0
div487.jpg,0
div488.jpg,0
div489.jpg,0
div49.jpg,0
div490.jpg,0
div491.jpg,0
div492.jpg,0
div493.jpg,0
div494.jpg,0
div495.jpg,0
div496.jpg,0
div497.jpg,0
div498.jpg,0
div499.jpg,0
div5.jpg,0
div50.jpg,0
div500.jpg,0
div501.jpg,0
div502.jpg,0
div503.jpg,0
div504.jpg,0
div505.jpg,0
div506.jpg,0
div507.jpg,0
div508.jpg,0
div509.jpg,0
div51.jpg,0
div510.jpg,0
div511.jpg,0
div512.jpg,0
div513.jpg,0
div514.jpg,0
div515.jpg,0
div516.jpg,0
div517.jpg,0
div518.jpg,0
div519.jpg,0
div52.jpg,0
div520.jpg,0
div521.jpg,0
div522.jpg,0
div523.jpg,0
div524.jpg,0
div525.jpg,0
div526.jpg,0
div527.jpg,0
div528.jpg,0
div529.jpg,0
div53.jpg,0
div530.jpg,0
div531.jpg,0
div532.jpg,0
div533.jpg,0
div534.jpg,0
div535.jpg,0
div536.jpg,0
div537.jpg,0
div538.jpg,0
div539.jpg,0
div54.jpg,0
div540.jpg,0
div541.jpg,0
div542.jpg,0
div543.jpg,0
div544.jpg,0
div545.jpg,0
div546.jpg,0
div547.jpg,0
div548.jpg,0
div549.jpg,0
div55.jpg,0
div550.jpg,0
div551.jpg,0
div552.jpg,0
div553.jpg,0
div554.jpg,0
div555.jpg,0
div556.jpg,0
div557.jpg,0
div558.jpg,0
div559.jpg,0
div56.jpg,0
div560.jpg,0
div561.jpg,0
div562.jpg,0
div563.jpg,0
div564.jpg,0
div565.jpg,0
div566.jpg,0
div567.jpg,0
div568.jpg,0
div569.jpg,0
div57.jpg,0
div570.jpg,0
div571.jpg,0
div572.jpg,0
div573.jpg,0
div574.jpg,0
div575.jpg,0
div576.jpg,0
div577.jpg,0
div578.jpg,0
div579.jpg,0
div58.jpg,0
div580.jpg,0
div581.jpg,0
div582.jpg,0
div583.jpg,0
div584.jpg,0
div585.jpg,0
div586.jpg,0
div587.jpg,0
div588.jpg,0
div589.jpg,0
div59.jpg,0
div590.jpg,0
div591.jpg,0
div592.jpg,0
div593.jpg,0
div594.jpg,0
div595.jpg,0
div596.jpg,0
div597.jpg,0
div598.jpg,0
div599.jpg,0
div6.jpg,0
div60.jpg,0
div600.jpg,0
div601.jpg,0
div602.jpg,0
div603.jpg,0
div604.jpg,0
div605.jpg,0
div606.jpg,0
div607.jpg,0
div608.jpg,0
div609.jpg,0
div61.jpg,0
div610.jpg,0
div611.jpg,0
div612.jpg,0
div613.jpg,0
div614.jpg,0
div615.jpg,0
div616.jpg,0
div617.jpg,0
div618.jpg,0
div619.jpg,0
div62.jpg,0
div620.jpg,0
div621.jpg,0
div622.jpg,0
div623.jpg,0
div624.jpg,0
div625.jpg,0
div626.jpg,0
div627.jpg,0
div628.jpg,0
div629.jpg,0
div63.jpg,0
div630.jpg,0
div631.jpg,0
div632.jpg,0
div633.jpg,0
div634.jpg,0
div635.jpg,0
div636.jpg,0
div637.jpg,0
div638.jpg,0
div639.jpg,0
div64.jpg,0
div640.jpg,0
div641.jpg,0
div642.jpg,0
div643.jpg,0
div644.jpg,0
div645.jpg,0
div646.jpg,0
div647.jpg,0
div648.jpg,0
div649.jpg,0
div65.jpg,0
div650.jpg,0
div651.jpg,0
div652.jpg,0
div653.jpg,0
div654.jpg,0
div655.jpg,0
div656.jpg,0
div657.jpg,0
div658.jpg,0
div659.jpg,0
div66.jpg,0
div660.jpg,0
div661.jpg,0
div662.jpg,0
div663.jpg,0
div664.jpg,0
div665.jpg,0
div666.jpg,0
div667.jpg,0
div668.jpg,0
div669.jpg,0
div67.jpg,0
div670.jpg,0
div671.jpg,0
div672.jpg,0
div673.jpg,0
div674.jpg,0
div675.jpg,0
div676.jpg,0
div677.jpg,0
div678.jpg,0
div679.jpg,0
div68.jpg,0
div680.jpg,0
div681.jpg,0
div682.jpg,0
div683.jpg,0
div684.jpg,0
div685.jpg,0
div686.jpg,0
div687.jpg,0
div688.jpg,0
div689.jpg,0
div69.jpg,0
div690.jpg,0
div691.jpg,0
div692.jpg,0
div693.jpg,0
div694.jpg,0
div695.jpg,0
div696.jpg,0
div697.jpg,0
div698.jpg,0
div699.jpg,0
div7.jpg,0
div70.jpg,0
div700.jpg,0
div701.jpg,0
div702.jpg,0
div703.jpg,0
div704.jpg,0
div705.jpg,0
div706.jpg,0
div707.jpg,0
div708.jpg,0
div709.jpg,0
div71.jpg,0
div710.jpg,0
div711.jpg,0
div712.jpg,0
div713.jpg,0
div714.jpg,0
div715.jpg,0
div716.jpg,0
div717.jpg,0
div718.jpg,0
div719.jpg,0
div72.jpg,0
div720.jpg,0
div721.jpg,0
div722.jpg,0
div723.jpg,0
div724.jpg,0
div725.jpg,0
div726.jpg,0
div727.jpg,0
div728.jpg,0
div729.jpg,0
div73.jpg,0
div730.jpg,0
div731.jpg,0
div732.jpg,0
div733.jpg,0
div734.jpg,0
div735.jpg,0
div736.jpg,0
div737.jpg,0
div738.jpg,0
div739.jpg,0
div74.jpg,0
div740.jpg,0
div741.jpg,0
div742.jpg,0
div743.jpg,0
div744.jpg,0
div745.jpg,0
div746.jpg,0
div747.jpg,0
div748.jpg,0
div749.jpg,0
div75.jpg,0
div750.jpg,0
div751.jpg,0
div752.jpg,0
div753.jpg,0
div754.jpg,0
div755.jpg,0
div756.jpg,0
div757.jpg,0
div758.jpg,0
div759.jpg,0
div76.jpg,0
div760.jpg,0
div761.jpg,0
div762.jpg,0
div763.jpg,0
div764.jpg,0
div765.jpg,0
div766.jpg,0
div767.jpg,0
div768.jpg,0
div769.jpg,0
div77.jpg,0
div770.jpg,0
div771.jpg,0
div772.jpg,0
div773.jpg,0
div774.jpg,0
div775.jpg,0
div776.jpg,0
div777.jpg,0
div778.jpg,0
div779.jpg,0
div78.jpg,0
div780.jpg,0
div781.jpg,0
div782.jpg,0
div783.jpg,0
div784.jpg,0
div785.jpg,0
div786.jpg,0
div787.jpg,0
div788.jpg,0
div789.jpg,0
div79.jpg,0
div790.jpg,0
div791.jpg,0
div792.jpg,0
div793.jpg,0
div794.jpg,0
div795.jpg,0
div796.jpg,0
div797.jpg,0
div798.jpg,0
div799.jpg,0
div8.jpg,0
div80.jpg,0
div800.jpg,0
div801.jpg,0
div802.jpg,0
div803.jpg,0
div804.jpg,0
div805.jpg,0
div806.jpg,0
div807.jpg,0
div808.jpg,0
div809.jpg,0
div81.jpg,0
div810.jpg,0
div811.jpg,0
div812.jpg,0
div813.jpg,0
div814.jpg,0
div815.jpg,0
div816.jpg,0
div817.jpg,0
div818.jpg,0
div819.jpg,0
div82.jpg,0
div820.jpg,0
div821.jpg,0
div822.jpg,0
div823.jpg,0
div824.jpg,0
div825.jpg,0
div826.jpg,0
div827.jpg,0
div828.jpg,0
div829.jpg,0
div83.jpg,0
div830.jpg,0
div831.jpg,0
div832.jpg,0
div833.jpg,0
div834.jpg,0
div835.jpg,0
div836.jpg,0
div837.jpg,0
div838.jpg,0
div839.jpg,0
div84.jpg,0
div840.jpg,0
div841.jpg,0
div842.jpg,0
div843.jpg,0
div844.jpg,0
div845.jpg,0
div846.jpg,0
div847.jpg,0
div848.jpg,0
div849.jpg,0
div85.jpg,0
div850.jpg,0
div851.jpg,0
div852.jpg,0
div853.jpg,0
div854.jpg,0
div855.jpg,0
div856.jpg,0
div857.jpg,0
div858.jpg,0
div859.jpg,0
div86.jpg,0
div860.jpg,0
div861.jpg,0
div862.jpg,0
div863.jpg,0
div864.jpg,0
div865.jpg,0
div866.jpg,0
div867.jpg,0
div868.jpg,0
div869.jpg,0
div87.jpg,0
div870.jpg,0
div871.jpg,0
div872.jpg,0
div873.jpg,0
div874.jpg,0
div875.jpg,0
div876.jpg,0
div877.jpg,0
div878.jpg,0
div879.jpg,0
div88.jpg,0
div880.jpg,0
div881.jpg,0
div882.jpg,0
div883.jpg,0
div884.jpg,0
div885.jpg,0
div886.jpg,0
div887.jpg,0
div888.jpg,0
div889.jpg,0
div89.jpg,0
div890.jpg,0
div891.jpg,0
div892.jpg,0
div893.jpg,0
div894.jpg,0
div895.jpg,0
div896.jpg,0
div897.jpg,0
div898.jpg,0
div899.jpg,0
div9.jpg,0
div90.jpg,0
div900.jpg,0
div901.jpg,0
div902.jpg,0
div903.jpg,0
div904.jpg,0
div905.jpg,0
div906.jpg,0
div907.jpg,0
div908.jpg,0
div909.jpg,0
div91.jpg,0
div910.jpg,0
div911.jpg,0
div912.jpg,0
div913.jpg,0
div914.jpg,0
div915.jpg,0
div916.jpg,0
div917.jpg,0
div918.jpg,0
div919.jpg,0
div92.jpg,0
div920.jpg,0
div921.jpg,0
div922.jpg,0
div923.jpg,0
div924.jpg,0
div925.jpg,0
div926.jpg,0
div927.jpg,0
div928.jpg,0
div929.jpg,0
div93.jpg,0
div930.jpg,0
div931.jpg,0
div932.jpg,0
div933.jpg,0
div934.jpg,0
div935.jpg,0
div936.jpg,0
div937.jpg,0
div938.jpg,0
div939.jpg,0
div94.jpg,0
div940.jpg,0
div941.jpg,0
div942.jpg,0
div943.jpg,0
div944.jpg,0
div945.jpg,0
div946.jpg,0
div947.jpg,0
div948.jpg,0
div949.jpg,0
div95.jpg,0
div950.jpg,0
div951.jpg,0
div952.jpg,0
div953.jpg,0
div954.jpg,0
div955.jpg,0
div956.jpg,0
div957.jpg,0
div958.jpg,0
div959.jpg,0
div96.jpg,0
div960.jpg,0
div961.jpg,0
div962.jpg,0
div963.jpg,0
div964.jpg,0
div965.jpg,0
div966.jpg,0
div967.jpg,0
div968.jpg,0
div969.jpg,0
div97.jpg,0
div970.jpg,0
div971.jpg,0
div972.jpg,0
div973.jpg,0
div974.jpg,0
div975.jpg,0
div976.jpg,0
div977.jpg,0
div978.jpg,0
div979.jpg,0
div98.jpg,0
div980.jpg,0
div981.jpg,0
div982.jpg,0
div983.jpg,0
div984.jpg,0
div985.jpg,0
div986.jpg,0
div987.jpg,0
div988.jpg,0
div989.jpg,0
div99.jpg,0
div990.jpg,0
div991.jpg,0
div992.jpg,0
div993.jpg,0
div994.jpg,0
div995.jpg,0
div996.jpg,0
div997.jpg,0
div998.jpg,0
div999.jpg,0
+_10.jpg,1
+_1023.jpg,1
+_1043.jpg,1
+_1045.jpg,1
+_105.jpg,1
+_1055.jpg,1
+_110.jpg,1
+_1125.jpg,1
+_1138.jpg,1
+_1142.jpg,1
+_115.jpg,1
+_1161.jpg,1
+_1163.jpg,1
+_1174.jpg,1
+_1212.jpg,1
+_1223.jpg,1
+_1233.jpg,1
+_1242.jpg,1
+_1257.jpg,1
+_1271.jpg,1
+_1283.jpg,1
+_1284.jpg,1
+_1287.jpg,1
+_1290.jpg,1
+_1298.jpg,1
+_1310.jpg,1
+_1313.jpg,1
+_1317.jpg,1
+_132.jpg,1
+_136.jpg,1
+_1366.jpg,1
+_1369.jpg,1
+_1372.jpg,1
+_1466.jpg,1
+_1468.jpg,1
+_1470.jpg,1
+_1471.jpg,1
+_1477.jpg,1
+_1482.jpg,1
+_1487.jpg,1
+_1490.jpg,1
+_1499.jpg,1
+_1527.jpg,1
+_1531.jpg,1
+_1543.jpg,1
+_1548.jpg,1
+_1557.jpg,1
+_159.jpg,1
+_1594.jpg,1
+_1642.jpg,1
+_1646.jpg,1
+_1650.jpg,1
+_1658.jpg,1
+_1679.jpg,1
+_1706.jpg,1
+_1715.jpg,1
+_1717.jpg,1
+_1736.jpg,1
+_1738.jpg,1
+_1752.jpg,1
+_1762.jpg,1
+_1797.jpg,1
+_1806.jpg,1
+_1818.jpg,1
+_1891.jpg,1
+_1910.jpg,1
+_1914.jpg,1
+_195.jpg,1
+_1958.jpg,1
+_1983.jpg,1
+_1998.jpg,1
+_20.jpg,1
+_2011.jpg,1
+_2019.jpg,1
+_2027.jpg,1
+_2041.jpg,1
+_2106.jpg,1
+_2128.jpg,1
+_2162.jpg,1
+_2174.jpg,1
+_2181.jpg,1
+_2185.jpg,1
+_2189.jpg,1
+_221.jpg,1
+_2218.jpg,1
+_2235.jpg,1
+_2239.jpg,1
+_2280.jpg,1
+_2285.jpg,1
+_2298.jpg,1
+_2360.jpg,1
+_2386.jpg,1
+_2390.jpg,1
+_2391.jpg,1
+_24.jpg,1
+_2432.jpg,1
+_2438.jpg,1
+_2444.jpg,1
+_245.jpg,1
+_2466.jpg,1
+_2475.jpg,1
+_2476.jpg,1
+_2479.jpg,1
+_2483.jpg,1
+_2487.jpg,1
+_2503.jpg,1
+_2522.jpg,1
+_2538.jpg,1
+_2546.jpg,1
+_2550.jpg,1
+_264.jpg,1
+_2671.jpg,1
+_2676.jpg,1
+_268.jpg,1
+_2681.jpg,1
+_2715.jpg,1
+_2720.jpg,1
+_2725.jpg,1
+_2759.jpg,1
+_2764.jpg,1
+_2769.jpg,1
+_2803.jpg,1
+_2808.jpg,1
+_2813.jpg,1
+_2847.jpg,1
+_2852.jpg,1
+_2857.jpg,1
+_2891.jpg,1
+_2896.jpg,1
+_2901.jpg,1
+_2935.jpg,1
+_2940.jpg,1
+_2945.jpg,1
+_295.jpg,1
+_2979.jpg,1
+_2984.jpg,1
+_2989.jpg,1
+_3023.jpg,1
+_3028.jpg,1
+_3033.jpg,1
+_305.jpg,1
+_3067.jpg,1
+_3072.jpg,1
+_3077.jpg,1
+_3111.jpg,1
+_3116.jpg,1
+_3121.jpg,1
+_3155.jpg,1
+_3160.jpg,1
+_3165.jpg,1
+_3199.jpg,1
+_3204.jpg,1
+_3209.jpg,1
+_3233.jpg,1
+_3237.jpg,1
+_3263.jpg,1
+_3270.jpg,1
+_3280.jpg,1
+_3290.jpg,1
+_3333.jpg,1
+_3352.jpg,1
+_3355.jpg,1
+_3358.jpg,1
+_3371.jpg,1
+_3394.jpg,1
+_34.jpg,1
+_3401.jpg,1
+_3411.jpg,1
+_3421.jpg,1
+_3464.jpg,1
+_3483.jpg,1
+_3486.jpg,1
+_3489.jpg,1
+_3508.jpg,1
+_3515.jpg,1
+_3525.jpg,1
+_3535.jpg,1
+_357.jpg,1
+_3578.jpg,1
+_3597.jpg,1
+_3600.jpg,1
+_3603.jpg,1
+_3609.jpg,1
+_3613.jpg,1
+_3639.jpg,1
+_3646.jpg,1
+_3656.jpg,1
+_3666.jpg,1
+_3709.jpg,1
+_3728.jpg,1
+_3731.jpg,1
+_3734.jpg,1
+_374.jpg,1
+_3747.jpg,1
+_3757.jpg,1
+_3761.jpg,1
+_3787.jpg,1
+_3794.jpg,1
+_3804.jpg,1
+_3814.jpg,1
+_382.jpg,1
+_3857.jpg,1
+_3876.jpg,1
+_3879.jpg,1
+_3882.jpg,1
+_3895.jpg,1
+_3905.jpg,1
+_3909.jpg,1
+_3935.jpg,1
+_3942.jpg,1
+_3952.jpg,1
+_3962.jpg,1
+_4005.jpg,1
+_4024.jpg,1
+_4027.jpg,1
+_4030.jpg,1
+_4043.jpg,1
+_4053.jpg,1
+_4057.jpg,1
+_4083.jpg,1
+_4090.jpg,1
+_4100.jpg,1
+_4110.jpg,1
+_4153.jpg,1
+_4172.jpg,1
+_4175.jpg,1
+_4178.jpg,1
+_419.jpg,1
+_4191.jpg,1
+_4201.jpg,1
+_4205.jpg,1
+_4231.jpg,1
+_4238.jpg,1
+_4248.jpg,1
+_4258.jpg,1
+_43.jpg,1
+_4301.jpg,1
+_4320.jpg,1
+_4323.jpg,1
+_4326.jpg,1
+_4339.jpg,1
+_4349.jpg,1
+_4353.jpg,1
+_436.jpg,1
+_4379.jpg,1
+_4386.jpg,1
+_4396.jpg,1
+_440.jpg,1
+_4406.jpg,1
+_4449.jpg,1
+_4468.jpg,1
+_447.jpg,1
+_4471.jpg,1
+_4474.jpg,1
+_4487.jpg,1
+_4497.jpg,1
+_4501.jpg,1
+_4527.jpg,1
+_4534.jpg,1
+_454.jpg,1
+_4544.jpg,1
+_4554.jpg,1
+_456.jpg,1
+_458.jpg,1
+_4597.jpg,1
+_4616.jpg,1
+_4619.jpg,1
+_4622.jpg,1
+_4635.jpg,1
+_4645.jpg,1
+_4649.jpg,1
+_4675.jpg,1
+_468.jpg,1
+_4682.jpg,1
+_4692.jpg,1
+_4702.jpg,1
+_4745.jpg,1
+_4764.jpg,1
+_4767.jpg,1
+_4770.jpg,1
+_4783.jpg,1
+_4793.jpg,1
+_4797.jpg,1
+_4823.jpg,1
+_4830.jpg,1
+_4840.jpg,1
+_4850.jpg,1
+_486.jpg,1
+_4893.jpg,1
+_4912.jpg,1
+_4915.jpg,1
+_4918.jpg,1
+_4931.jpg,1
+_4941.jpg,1
+_4945.jpg,1
+_4971.jpg,1
+_4978.jpg,1
+_4988.jpg,1
+_4998.jpg,1
+_5041.jpg,1
+_5060.jpg,1
+_5063.jpg,1
+_5066.jpg,1
+_5079.jpg,1
+_5089.jpg,1
+_5093.jpg,1
+_5119.jpg,1
+_5126.jpg,1
+_5136.jpg,1
+_5146.jpg,1
+_5171.jpg,1
+_5190.jpg,1
+_5193.jpg,1
+_5196.jpg,1
+_5209.jpg,1
+_5219.jpg,1
+_5223.jpg,1
+_5249.jpg,1
+_5256.jpg,1
+_5266.jpg,1
+_5276.jpg,1
+_5319.jpg,1
+_5338.jpg,1
+_5341.jpg,1
+_5344.jpg,1
+_5357.jpg,1
+_5367.jpg,1
+_5371.jpg,1
+_539.jpg,1
+_5397.jpg,1
+_5404.jpg,1
+_5414.jpg,1
+_5424.jpg,1
+_543.jpg,1
+_5456.jpg,1
+_547.jpg,1
+_5475.jpg,1
+_5478.jpg,1
+_5481.jpg,1
+_5494.jpg,1
+_5504.jpg,1
+_5508.jpg,1
+_5534.jpg,1
+_5541.jpg,1
+_5551.jpg,1
+_5561.jpg,1
+_5604.jpg,1
+_5623.jpg,1
+_5626.jpg,1
+_5629.jpg,1
+_5642.jpg,1
+_5652.jpg,1
+_5656.jpg,1
+_5682.jpg,1
+_5689.jpg,1
+_5699.jpg,1
+_5709.jpg,1
+_5752.jpg,1
+_5771.jpg,1
+_5774.jpg,1
+_5777.jpg,1
+_5790.jpg,1
+_5800.jpg,1
+_5804.jpg,1
+_5830.jpg,1
+_5837.jpg,1
+_5847.jpg,1
+_5857.jpg,1
+_5900.jpg,1
+_5919.jpg,1
+_5922.jpg,1
+_5925.jpg,1
+_5938.jpg,1
+_5948.jpg,1
+_5952.jpg,1
+_5978.jpg,1
+_5985.jpg,1
+_5995.jpg,1
+_6005.jpg,1
+_6030.jpg,1
+_6049.jpg,1
+_6052.jpg,1
+_6055.jpg,1
+_6068.jpg,1
+_6078.jpg,1
+_608.jpg,1
+_6082.jpg,1
+_609.jpg,1
+_6108.jpg,1
+_6115.jpg,1
+_6125.jpg,1
+_6135.jpg,1
+_6178.jpg,1
+_6197.jpg,1
+_6200.jpg,1
+_6203.jpg,1
+_6216.jpg,1
+_6226.jpg,1
+_6230.jpg,1
+_6256.jpg,1
+_6263.jpg,1
+_6273.jpg,1
+_6283.jpg,1
+_6326.jpg,1
+_6345.jpg,1
+_6348.jpg,1
+_6351.jpg,1
+_6364.jpg,1
+_6374.jpg,1
+_6378.jpg,1
+_6404.jpg,1
+_6411.jpg,1
+_6421.jpg,1
+_6431.jpg,1
+_6474.jpg,1
+_6493.jpg,1
+_6496.jpg,1
+_6499.jpg,1
+_6512.jpg,1
+_6522.jpg,1
+_6526.jpg,1
+_6552.jpg,1
+_6559.jpg,1
+_6569.jpg,1
+_6579.jpg,1
+_6622.jpg,1
+_6641.jpg,1
+_6644.jpg,1
+_6647.jpg,1
+_6660.jpg,1
+_6670.jpg,1
+_6674.jpg,1
+_6700.jpg,1
+_6707.jpg,1
+_6717.jpg,1
+_6727.jpg,1
+_674.jpg,1
+_6770.jpg,1
+_6789.jpg,1
+_6792.jpg,1
+_6795.jpg,1
+_6808.jpg,1
+_6818.jpg,1
+_6822.jpg,1
+_6848.jpg,1
+_6855.jpg,1
+_6865.jpg,1
+_6875.jpg,1
+_689.jpg,1
+_69.jpg,1
+_6918.jpg,1
+_6937.jpg,1
+_6940.jpg,1
+_6943.jpg,1
+_6956.jpg,1
+_6966.jpg,1
+_6970.jpg,1
+_6996.jpg,1
+_700.jpg,1
+_7003.jpg,1
+_7013.jpg,1
+_7023.jpg,1
+_7066.jpg,1
+_7085.jpg,1
+_7088.jpg,1
+_7091.jpg,1
+_7104.jpg,1
+_7114.jpg,1
+_7118.jpg,1
+_7144.jpg,1
+_7151.jpg,1
+_7161.jpg,1
+_726.jpg,1
+_729.jpg,1
+_731.jpg,1
+_737.jpg,1
+_742.jpg,1
+_747.jpg,1
+_770.jpg,1
+_774.jpg,1
+_78.jpg,1
+_828.jpg,1
+_865.jpg,1
+_900.jpg,1
+_914.jpg,1
+_932.jpg,1
+_957.jpg,1
+_96.jpg,1
+_960.jpg,1
+_964.jpg,1
+_99.jpg,1
+_999.jpg,1
mas0.jpg,1
mas1.jpg,1
mas10.jpg,1
mas100.jpg,1
mas101.jpg,1
mas102.jpg,1
mas103.jpg,1
mas104.jpg,1
mas105.jpg,1
mas106.jpg,1
mas107.jpg,1
mas108.jpg,1
mas109.jpg,1
mas11.jpg,1
mas110.jpg,1
mas111.jpg,1
mas112.jpg,1
mas113.jpg,1
mas114.jpg,1
mas115.jpg,1
mas116.jpg,1
mas117.jpg,1
mas118.jpg,1
mas119.jpg,1
mas12.jpg,1
mas120.jpg,1
mas121.jpg,1
mas122.jpg,1
mas123.jpg,1
mas124.jpg,1
mas125.jpg,1
mas126.jpg,1
mas127.jpg,1
mas128.jpg,1
mas129.jpg,1
mas13.jpg,1
mas130.jpg,1
mas131.jpg,1
mas132.jpg,1
mas133.jpg,1
mas134.jpg,1
mas135.jpg,1
mas136.jpg,1
mas137.jpg,1
mas138.jpg,1
mas139.jpg,1
mas14.jpg,1
mas140.jpg,1
mas141.jpg,1
mas142.jpg,1
mas143.jpg,1
mas144.jpg,1
mas145.jpg,1
mas146.jpg,1
mas147.jpg,1
mas148.jpg,1
mas149.jpg,1
mas15.jpg,1
mas150.jpg,1
mas151.jpg,1
mas152.jpg,1
mas153.jpg,1
mas154.jpg,1
mas155.jpg,1
mas156.jpg,1
mas157.jpg,1
mas158.jpg,1
mas159.jpg,1
mas16.jpg,1
mas160.jpg,1
mas161.jpg,1
mas162.jpg,1
mas163.jpg,1
mas164.jpg,1
mas165.jpg,1
mas166.jpg,1
mas167.jpg,1
mas168.jpg,1
mas169.jpg,1
mas17.jpg,1
mas170.jpg,1
mas171.jpg,1
mas172.jpg,1
mas173.jpg,1
mas174.jpg,1
mas175.jpg,1
mas176.jpg,1
mas177.jpg,1
mas178.jpg,1
mas179.jpg,1
mas18.jpg,1
mas180.jpg,1
mas181.jpg,1
mas182.jpg,1
mas183.jpg,1
mas184.jpg,1
mas185.jpg,1
mas186.jpg,1
mas187.jpg,1
mas188.jpg,1
mas189.jpg,1
mas19.jpg,1
mas190.jpg,1
mas191.jpg,1
mas192.jpg,1
mas193.jpg,1
mas194.jpg,1
mas195.jpg,1
mas196.jpg,1
mas197.jpg,1
mas198.jpg,1
mas199.jpg,1
mas2.jpg,1
mas20.jpg,1
mas200.jpg,1
mas201.jpg,1
mas202.jpg,1
mas203.jpg,1
mas204.jpg,1
mas205.jpg,1
mas206.jpg,1
mas207.jpg,1
mas208.jpg,1
mas209.jpg,1
mas21.jpg,1
mas210.jpg,1
mas211.jpg,1
mas212.jpg,1
mas213.jpg,1
mas214.jpg,1
mas215.jpg,1
mas216.jpg,1
mas217.jpg,1
mas218.jpg,1
mas219.jpg,1
mas22.jpg,1
mas220.jpg,1
mas221.jpg,1
mas222.jpg,1
mas223.jpg,1
mas224.jpg,1
mas225.jpg,1
mas226.jpg,1
mas227.jpg,1
mas228.jpg,1
mas229.jpg,1
mas23.jpg,1
mas230.jpg,1
mas231.jpg,1
mas232.jpg,1
mas233.jpg,1
mas234.jpg,1
mas235.jpg,1
mas236.jpg,1
mas237.jpg,1
mas238.jpg,1
mas239.jpg,1
mas24.jpg,1
mas240.jpg,1
mas241.jpg,1
mas242.jpg,1
mas243.jpg,1
mas244.jpg,1
mas245.jpg,1
mas246.jpg,1
mas247.jpg,1
mas248.jpg,1
mas249.jpg,1
mas25.jpg,1
mas250.jpg,1
mas251.jpg,1
mas252.jpg,1
mas253.jpg,1
mas254.jpg,1
mas255.jpg,1
mas256.jpg,1
mas257.jpg,1
mas258.jpg,1
mas259.jpg,1
mas26.jpg,1
mas260.jpg,1
mas261.jpg,1
mas262.jpg,1
mas263.jpg,1
mas264.jpg,1
mas265.jpg,1
mas266.jpg,1
mas267.jpg,1
mas268.jpg,1
mas269.jpg,1
mas27.jpg,1
mas270.jpg,1
mas271.jpg,1
mas272.jpg,1
mas273.jpg,1
mas274.jpg,1
mas275.jpg,1
mas276.jpg,1
mas277.jpg,1
mas278.jpg,1
mas279.jpg,1
mas28.jpg,1
mas280.jpg,1
mas281.jpg,1
mas282.jpg,1
mas283.jpg,1
mas284.jpg,1
mas285.jpg,1
mas286.jpg,1
mas287.jpg,1
mas288.jpg,1
mas289.jpg,1
mas29.jpg,1
mas290.jpg,1
mas291.jpg,1
mas292.jpg,1
mas293.jpg,1
mas294.jpg,1
mas295.jpg,1
mas296.jpg,1
mas297.jpg,1
mas298.jpg,1
mas299.jpg,1
mas3.jpg,1
mas30.jpg,1
mas300.jpg,1
mas301.jpg,1
mas302.jpg,1
mas303.jpg,1
mas304.jpg,1
mas305.jpg,1
mas306.jpg,1
mas307.jpg,1
mas308.jpg,1
mas309.jpg,1
mas31.jpg,1
mas310.jpg,1
mas311.jpg,1
mas312.jpg,1
mas313.jpg,1
mas314.jpg,1
mas315.jpg,1
mas316.jpg,1
mas317.jpg,1
mas318.jpg,1
mas319.jpg,1
mas32.jpg,1
mas320.jpg,1
mas321.jpg,1
mas322.jpg,1
mas323.jpg,1
mas324.jpg,1
mas325.jpg,1
mas326.jpg,1
mas327.jpg,1
mas328.jpg,1
mas329.jpg,1
mas33.jpg,1
mas330.jpg,1
mas331.jpg,1
mas332.jpg,1
mas333.jpg,1
mas334.jpg,1
mas335.jpg,1
mas336.jpg,1
mas337.jpg,1
mas338.jpg,1
mas339.jpg,1
mas34.jpg,1
mas340.jpg,1
mas341.jpg,1
mas342.jpg,1
mas343.jpg,1
mas344.jpg,1
mas345.jpg,1
mas346.jpg,1
mas347.jpg,1
mas348.jpg,1
mas349.jpg,1
mas35.jpg,1
mas350.jpg,1
mas351.jpg,1
mas352.jpg,1
mas353.jpg,1
mas354.jpg,1
mas355.jpg,1
mas356.jpg,1
mas357.jpg,1
mas358.jpg,1
mas359.jpg,1
mas36.jpg,1
mas360.jpg,1
mas361.jpg,1
mas362.jpg,1
mas363.jpg,1
mas364.jpg,1
mas365.jpg,1
mas366.jpg,1
mas367.jpg,1
mas368.jpg,1
mas369.jpg,1
mas37.jpg,1
mas370.jpg,1
mas371.jpg,1
mas372.jpg,1
mas373.jpg,1
mas374.jpg,1
mas375.jpg,1
mas376.jpg,1
mas377.jpg,1
mas378.jpg,1
mas379.jpg,1
mas38.jpg,1
mas380.jpg,1
mas381.jpg,1
mas382.jpg,1
mas383.jpg,1
mas384.jpg,1
mas385.jpg,1
mas386.jpg,1
mas387.jpg,1
mas388.jpg,1
mas389.jpg,1
mas39.jpg,1
mas390.jpg,1
mas391.jpg,1
mas392.jpg,1
mas393.jpg,1
mas394.jpg,1
mas395.jpg,1
mas396.jpg,1
mas397.jpg,1
mas398.jpg,1
mas399.jpg,1
mas4.jpg,1
mas40.jpg,1
mas400.jpg,1
mas401.jpg,1
mas402.jpg,1
mas403.jpg,1
mas404.jpg,1
mas405.jpg,1
mas406.jpg,1
mas407.jpg,1
mas408.jpg,1
mas409.jpg,1
mas41.jpg,1
mas410.jpg,1
mas411.jpg,1
mas412.jpg,1
mas413.jpg,1
mas414.jpg,1
mas415.jpg,1
mas416.jpg,1
mas417.jpg,1
mas418.jpg,1
mas419.jpg,1
mas42.jpg,1
mas420.jpg,1
mas421.jpg,1
mas422.jpg,1
mas423.jpg,1
mas424.jpg,1
mas425.jpg,1
mas426.jpg,1
mas427.jpg,1
mas428.jpg,1
mas429.jpg,1
mas43.jpg,1
mas430.jpg,1
mas431.jpg,1
mas432.jpg,1
mas433.jpg,1
mas434.jpg,1
mas435.jpg,1
mas436.jpg,1
mas437.jpg,1
mas438.jpg,1
mas439.jpg,1
mas44.jpg,1
mas440.jpg,1
mas441.jpg,1
mas442.jpg,1
mas443.jpg,1
mas444.jpg,1
mas445.jpg,1
mas446.jpg,1
mas447.jpg,1
mas448.jpg,1
mas449.jpg,1
mas45.jpg,1
mas450.jpg,1
mas451.jpg,1
mas452.jpg,1
mas453.jpg,1
mas454.jpg,1
mas455.jpg,1
mas456.jpg,1
mas457.jpg,1
mas458.jpg,1
mas459.jpg,1
mas46.jpg,1
mas460.jpg,1
mas461.jpg,1
mas462.jpg,1
mas463.jpg,1
mas464.jpg,1
mas465.jpg,1
mas466.jpg,1
mas467.jpg,1
mas468.jpg,1
mas469.jpg,1
mas47.jpg,1
mas470.jpg,1
mas471.jpg,1
mas472.jpg,1
mas473.jpg,1
mas474.jpg,1
mas475.jpg,1
mas476.jpg,1
mas477.jpg,1
mas478.jpg,1
mas479.jpg,1
mas48.jpg,1
mas480.jpg,1
mas481.jpg,1
mas482.jpg,1
mas483.jpg,1
mas484.jpg,1
mas485.jpg,1
mas486.jpg,1
mas487.jpg,1
mas488.jpg,1
mas489.jpg,1
mas49.jpg,1
mas490.jpg,1
mas491.jpg,1
mas492.jpg,1
mas493.jpg,1
mas494.jpg,1
mas495.jpg,1
mas496.jpg,1
mas497.jpg,1
mas498.jpg,1
mas499.jpg,1
mas5.jpg,1
mas50.jpg,1
mas500.jpg,1
mas501.jpg,1
mas502.jpg,1
mas503.jpg,1
mas504.jpg,1
mas505.jpg,1
mas506.jpg,1
mas507.jpg,1
mas508.jpg,1
mas509.jpg,1
mas51.jpg,1
mas510.jpg,1
mas511.jpg,1
mas512.jpg,1
mas513.jpg,1
mas514.jpg,1
mas515.jpg,1
mas516.jpg,1
mas517.jpg,1
mas518.jpg,1
mas519.jpg,1
mas52.jpg,1
mas520.jpg,1
mas521.jpg,1
mas522.jpg,1
mas523.jpg,1
mas524.jpg,1
mas525.jpg,1
mas526.jpg,1
mas527.jpg,1
mas528.jpg,1
mas529.jpg,1
mas53.jpg,1
mas530.jpg,1
mas531.jpg,1
mas532.jpg,1
mas533.jpg,1
mas534.jpg,1
mas535.jpg,1
mas536.jpg,1
mas537.jpg,1
mas538.jpg,1
mas539.jpg,1
mas54.jpg,1
mas540.jpg,1
mas541.jpg,1
mas542.jpg,1
mas543.jpg,1
mas544.jpg,1
mas545.jpg,1
mas546.jpg,1
mas547.jpg,1
mas548.jpg,1
mas549.jpg,1
mas55.jpg,1
mas550.jpg,1
mas551.jpg,1
mas552.jpg,1
mas553.jpg,1
mas554.jpg,1
mas555.jpg,1
mas556.jpg,1
mas557.jpg,1
mas558.jpg,1
mas559.jpg,1
mas56.jpg,1
mas560.jpg,1
mas561.jpg,1
mas562.jpg,1
mas563.jpg,1
mas564.jpg,1
mas565.jpg,1
mas566.jpg,1
mas567.jpg,1
mas568.jpg,1
mas569.jpg,1
mas57.jpg,1
mas570.jpg,1
mas571.jpg,1
mas572.jpg,1
mas573.jpg,1
mas574.jpg,1
mas575.jpg,1
mas576.jpg,1
mas577.jpg,1
mas578.jpg,1
mas579.jpg,1
mas58.jpg,1
mas580.jpg,1
mas581.jpg,1
mas582.jpg,1
mas583.jpg,1
mas584.jpg,1
mas585.jpg,1
mas586.jpg,1
mas587.jpg,1
mas588.jpg,1
mas589.jpg,1
mas59.jpg,1
mas590.jpg,1
mas591.jpg,1
mas592.jpg,1
mas593.jpg,1
mas594.jpg,1
mas595.jpg,1
mas596.jpg,1
mas597.jpg,1
mas598.jpg,1
mas599.jpg,1
mas6.jpg,1
mas60.jpg,1
mas600.jpg,1
mas601.jpg,1
mas602.jpg,1
mas603.jpg,1
mas604.jpg,1
mas605.jpg,1
mas606.jpg,1
mas607.jpg,1
mas61.jpg,1
mas62.jpg,1
mas63.jpg,1
mas64.jpg,1
mas65.jpg,1
mas66.jpg,1
mas67.jpg,1
mas68.jpg,1
mas69.jpg,1
mas7.jpg,1
mas70.jpg,1
mas71.jpg,1
mas72.jpg,1
mas73.jpg,1
mas74.jpg,1
mas75.jpg,1
mas76.jpg,1
mas77.jpg,1
mas78.jpg,1
mas79.jpg,1
mas8.jpg,1
mas80.jpg,1
mas81.jpg,1
mas82.jpg,1
mas83.jpg,1
mas84.jpg,1
mas85.jpg,1
mas86.jpg,1
mas87.jpg,1
mas88.jpg,1
mas89.jpg,1
mas9.jpg,1
mas90.jpg,1
mas91.jpg,1
mas92.jpg,1
mas93.jpg,1
mas94.jpg,1
mas95.jpg,1
mas96.jpg,1
mas97.jpg,1
mas98.jpg,1
mas99.jpg,1
-_1004.jpg,2
-_1016.jpg,2
-_1029.jpg,2
-_1048.jpg,2
-_1057.jpg,2
-_1062.jpg,2
-_1066.jpg,2
-_1070.jpg,2
-_1074.jpg,2
-_1099.jpg,2
-_1134.jpg,2
-_1178.jpg,2
-_1186.jpg,2
-_1205.jpg,2
-_121.jpg,2
-_1221.jpg,2
-_1248.jpg,2
-_1261.jpg,2
-_1269.jpg,2
-_1272.jpg,2
-_1301.jpg,2
-_1305.jpg,2
-_1334.jpg,2
-_1341.jpg,2
-_1348.jpg,2
-_1350.jpg,2
-_1382.jpg,2
-_1389.jpg,2
-_1396.jpg,2
-_1411.jpg,2
-_1431.jpg,2
-_1436.jpg,2
-_145.jpg,2
-_1450.jpg,2
-_1461.jpg,2
-_1464.jpg,2
-_1474.jpg,2
-_1516.jpg,2
-_152.jpg,2
-_1524.jpg,2
-_1525.jpg,2
-_1529.jpg,2
-_1533.jpg,2
-_1535.jpg,2
-_1578.jpg,2
-_1592.jpg,2
-_1598.jpg,2
-_1617.jpg,2
-_1635.jpg,2
-_1637.jpg,2
-_165.jpg,2
-_1661.jpg,2
-_1673.jpg,2
-_1674.jpg,2
-_1690.jpg,2
-_1702.jpg,2
-_1721.jpg,2
-_1723.jpg,2
-_1728.jpg,2
-_1730.jpg,2
-_180.jpg,2
-_1802.jpg,2
-_1804.jpg,2
-_1828.jpg,2
-_1841.jpg,2
-_1851.jpg,2
-_1855.jpg,2
-_1858.jpg,2
-_1862.jpg,2
-_1869.jpg,2
-_1873.jpg,2
-_1879.jpg,2
-_188.jpg,2
-_1898.jpg,2
-_192.jpg,2
-_1923.jpg,2
-_1926.jpg,2
-_1952.jpg,2
-_1954.jpg,2
-_1969.jpg,2
-_1980.jpg,2
-_2001.jpg,2
-_2007.jpg,2
-_2013.jpg,2
-_2023.jpg,2
-_2029.jpg,2
-_2045.jpg,2
-_2066.jpg,2
-_2069.jpg,2
-_2088.jpg,2
-_2089.jpg,2
-_2098.jpg,2
-_2112.jpg,2
-_2142.jpg,2
-_2147.jpg,2
-_217.jpg,2
-_2202.jpg,2
-_2231.jpg,2
-_2274.jpg,2
-_2275.jpg,2
-_2276.jpg,2
-_2277.jpg,2
-_2314.jpg,2
-_2318.jpg,2
-_232.jpg,2
-_2324.jpg,2
-_2340.jpg,2
-_2344.jpg,2
-_2353.jpg,2
-_2355.jpg,2
-_2365.jpg,2
-_2370.jpg,2
-_2374.jpg,2
-_2375.jpg,2
-_2400.jpg,2
-_2428.jpg,2
-_2448.jpg,2
-_2454.jpg,2
-_2459.jpg,2
-_2491.jpg,2
-_2496.jpg,2
-_251.jpg,2
-_2516.jpg,2
-_2527.jpg,2
-_2530.jpg,2
-_2566.jpg,2
-_2576.jpg,2
-_2578.jpg,2
-_259.jpg,2
-_2590.jpg,2
-_2592.jpg,2
-_262.jpg,2
-_2654.jpg,2
-_2655.jpg,2
-_266.jpg,2
-_2661.jpg,2
-_2672.jpg,2
-_2677.jpg,2
-_2692.jpg,2
-_2698.jpg,2
-_2705.jpg,2
-_2716.jpg,2
-_272.jpg,2
-_2721.jpg,2
-_2736.jpg,2
-_2742.jpg,2
-_2749.jpg,2
-_275.jpg,2
-_2760.jpg,2
-_2765.jpg,2
-_2780.jpg,2
-_2786.jpg,2
-_2793.jpg,2
-_2804.jpg,2
-_2809.jpg,2
-_2824.jpg,2
-_2830.jpg,2
-_2837.jpg,2
-_2848.jpg,2
-_2853.jpg,2
-_286.jpg,2
-_2868.jpg,2
-_2874.jpg,2
-_2881.jpg,2
-_289.jpg,2
-_2892.jpg,2
-_2897.jpg,2
-_2912.jpg,2
-_2918.jpg,2
-_2925.jpg,2
-_2936.jpg,2
-_2941.jpg,2
-_2956.jpg,2
-_2962.jpg,2
-_2969.jpg,2
-_2980.jpg,2
-_2985.jpg,2
-_3000.jpg,2
-_3006.jpg,2
-_3013.jpg,2
-_3024.jpg,2
-_3029.jpg,2
-_3044.jpg,2
-_3050.jpg,2
-_3057.jpg,2
-_3068.jpg,2
-_3073.jpg,2
-_3088.jpg,2
-_3094.jpg,2
-_3101.jpg,2
-_3112.jpg,2
-_3117.jpg,2
-_312.jpg,2
-_3132.jpg,2
-_3138.jpg,2
-_3145.jpg,2
-_3156.jpg,2
-_3161.jpg,2
-_3176.jpg,2
-_3182.jpg,2
-_3189.jpg,2
-_3200.jpg,2
-_3205.jpg,2
-_3220.jpg,2
-_3226.jpg,2
-_3241.jpg,2
-_3243.jpg,2
-_3245.jpg,2
-_3266.jpg,2
-_3287.jpg,2
-_3293.jpg,2
-_3296.jpg,2
-_3298.jpg,2
-_3301.jpg,2
-_3307.jpg,2
-_3312.jpg,2
-_3315.jpg,2
-_3319.jpg,2
-_3329.jpg,2
-_3366.jpg,2
-_3375.jpg,2
-_338.jpg,2
-_3397.jpg,2
-_3418.jpg,2
-_3424.jpg,2
-_3427.jpg,2
-_3429.jpg,2
-_3432.jpg,2
-_3438.jpg,2
-_344.jpg,2
-_3443.jpg,2
-_3446.jpg,2
-_3450.jpg,2
-_3460.jpg,2
-_348.jpg,2
-_3511.jpg,2
-_3532.jpg,2
-_3538.jpg,2
-_3541.jpg,2
-_3543.jpg,2
-_3546.jpg,2
-_3552.jpg,2
-_3557.jpg,2
-_3560.jpg,2
-_3564.jpg,2
-_3574.jpg,2
-_3617.jpg,2
-_3619.jpg,2
-_3621.jpg,2
-_3642.jpg,2
-_3663.jpg,2
-_3669.jpg,2
-_3672.jpg,2
-_3674.jpg,2
-_3677.jpg,2
-_3683.jpg,2
-_3688.jpg,2
-_3691.jpg,2
-_3695.jpg,2
-_3705.jpg,2
-_3742.jpg,2
-_3751.jpg,2
-_3765.jpg,2
-_3767.jpg,2
-_3769.jpg,2
-_3790.jpg,2
-_380.jpg,2
-_3811.jpg,2
-_3817.jpg,2
-_3820.jpg,2
-_3822.jpg,2
-_3825.jpg,2
-_3831.jpg,2
-_3836.jpg,2
-_3839.jpg,2
-_3843.jpg,2
-_3853.jpg,2
-_3890.jpg,2
-_3899.jpg,2
-_3913.jpg,2
-_3915.jpg,2
-_3917.jpg,2
-_393.jpg,2
-_3938.jpg,2
-_395.jpg,2
-_3959.jpg,2
-_3965.jpg,2
-_3968.jpg,2
-_3970.jpg,2
-_3973.jpg,2
-_3979.jpg,2
-_398.jpg,2
-_3984.jpg,2
-_3987.jpg,2
-_3991.jpg,2
-_4001.jpg,2
-_4038.jpg,2
-_4047.jpg,2
-_4061.jpg,2
-_4063.jpg,2
-_4065.jpg,2
-_408.jpg,2
-_4086.jpg,2
-_4107.jpg,2
-_4113.jpg,2
-_4116.jpg,2
-_4118.jpg,2
-_4121.jpg,2
-_4127.jpg,2
-_4132.jpg,2
-_4135.jpg,2
-_4139.jpg,2
-_4149.jpg,2
-_4186.jpg,2
-_4195.jpg,2
-_4209.jpg,2
-_4211.jpg,2
-_4213.jpg,2
-_4234.jpg,2
-_4255.jpg,2
-_4261.jpg,2
-_4264.jpg,2
-_4266.jpg,2
-_4269.jpg,2
-_4275.jpg,2
-_4280.jpg,2
-_4283.jpg,2
-_4287.jpg,2
-_4297.jpg,2
-_4334.jpg,2
-_4343.jpg,2
-_4357.jpg,2
-_4359.jpg,2
-_4361.jpg,2
-_4382.jpg,2
-_4403.jpg,2
-_4409.jpg,2
-_4412.jpg,2
-_4414.jpg,2
-_4417.jpg,2
-_4423.jpg,2
-_4428.jpg,2
-_4431.jpg,2
-_4435.jpg,2
-_4445.jpg,2
-_4482.jpg,2
-_4491.jpg,2
-_4505.jpg,2
-_4507.jpg,2
-_4509.jpg,2
-_451.jpg,2
-_4530.jpg,2
-_4551.jpg,2
-_4557.jpg,2
-_4560.jpg,2
-_4562.jpg,2
-_4565.jpg,2
-_4571.jpg,2
-_4576.jpg,2
-_4579.jpg,2
-_4583.jpg,2
-_4593.jpg,2
-_4630.jpg,2
-_4639.jpg,2
-_4653.jpg,2
-_4655.jpg,2
-_4657.jpg,2
-_4678.jpg,2
-_4699.jpg,2
-_4705.jpg,2
-_4708.jpg,2
-_4710.jpg,2
-_4713.jpg,2
-_4719.jpg,2
-_4724.jpg,2
-_4727.jpg,2
-_473.jpg,2
-_4731.jpg,2
-_4741.jpg,2
-_475.jpg,2
-_4778.jpg,2
-_4787.jpg,2
-_4801.jpg,2
-_4803.jpg,2
-_4805.jpg,2
-_4826.jpg,2
-_483.jpg,2
-_4847.jpg,2
-_4853.jpg,2
-_4856.jpg,2
-_4858.jpg,2
-_4861.jpg,2
-_4867.jpg,2
-_4872.jpg,2
-_4875.jpg,2
-_4879.jpg,2
-_4889.jpg,2
-_4926.jpg,2
-_4935.jpg,2
-_494.jpg,2
-_4949.jpg,2
-_4951.jpg,2
-_4953.jpg,2
-_4974.jpg,2
-_4995.jpg,2
-_5001.jpg,2
-_5004.jpg,2
-_5006.jpg,2
-_5009.jpg,2
-_5015.jpg,2
-_5020.jpg,2
-_5023.jpg,2
-_5027.jpg,2
-_5037.jpg,2
-_5074.jpg,2
-_5083.jpg,2
-_5097.jpg,2
-_5099.jpg,2
-_5101.jpg,2
-_5122.jpg,2
-_5143.jpg,2
-_5149.jpg,2
-_5153.jpg,2
-_5157.jpg,2
-_5167.jpg,2
-_5204.jpg,2
-_5213.jpg,2
-_5227.jpg,2
-_5229.jpg,2
-_5231.jpg,2
-_5252.jpg,2
-_5273.jpg,2
-_5279.jpg,2
-_5282.jpg,2
-_5284.jpg,2
-_5287.jpg,2
-_5293.jpg,2
-_5298.jpg,2
-_530.jpg,2
-_5301.jpg,2
-_5305.jpg,2
-_5315.jpg,2
-_5352.jpg,2
-_5361.jpg,2
-_5375.jpg,2
-_5377.jpg,2
-_5379.jpg,2
-_5400.jpg,2
-_5421.jpg,2
-_5427.jpg,2
-_5430.jpg,2
-_5432.jpg,2
-_5435.jpg,2
-_5441.jpg,2
-_5446.jpg,2
-_5452.jpg,2
-_5489.jpg,2
-_5498.jpg,2
-_5512.jpg,2
-_5514.jpg,2
-_5516.jpg,2
-_5537.jpg,2
-_5558.jpg,2
-_5564.jpg,2
-_5567.jpg,2
-_5569.jpg,2
-_5572.jpg,2
-_5578.jpg,2
-_5583.jpg,2
-_5586.jpg,2
-_5590.jpg,2
-_5600.jpg,2
-_5637.jpg,2
-_5646.jpg,2
-_5660.jpg,2
-_5662.jpg,2
-_5664.jpg,2
-_567.jpg,2
-_5685.jpg,2
-_5706.jpg,2
-_5712.jpg,2
-_5715.jpg,2
-_5717.jpg,2
-_5720.jpg,2
-_5726.jpg,2
-_5731.jpg,2
-_5734.jpg,2
-_5738.jpg,2
-_5748.jpg,2
-_5785.jpg,2
-_5794.jpg,2
-_5808.jpg,2
-_581.jpg,2
-_5810.jpg,2
-_5812.jpg,2
-_5833.jpg,2
-_5854.jpg,2
-_5860.jpg,2
-_5863.jpg,2
-_5865.jpg,2
-_5868.jpg,2
-_5874.jpg,2
-_5879.jpg,2
-_5882.jpg,2
-_592.jpg,2
-_629.jpg,2
-_637.jpg,2
-_646.jpg,2
-_654.jpg,2
-_66.jpg,2
-_667.jpg,2
-_671.jpg,2
-_684.jpg,2
-_716.jpg,2
-_720.jpg,2
-_745.jpg,2
-_751.jpg,2
-_754.jpg,2
-_760.jpg,2
-_781.jpg,2
-_785.jpg,2
-_790.jpg,2
-_802.jpg,2
-_804.jpg,2
-_808.jpg,2
-_814.jpg,2
-_832.jpg,2
-_840.jpg,2
-_87.jpg,2
-_871.jpg,2
-_88.jpg,2
-_89.jpg,2
-_903.jpg,2
-_918.jpg,2
-_92.jpg,2
-_927.jpg,2
-_946.jpg,2
-_949.jpg,2
-_977.jpg,2
-_980.jpg,2
menos0.jpg,2
menos1.jpg,2
menos10.jpg,2
menos100.jpg,2
menos101.jpg,2
menos102.jpg,2
menos103.jpg,2
menos104.jpg,2
menos105.jpg,2
menos106.jpg,2
menos107.jpg,2
menos108.jpg,2
menos109.jpg,2
menos11.jpg,2
menos110.jpg,2
menos111.jpg,2
menos112.jpg,2
menos113.jpg,2
menos114.jpg,2
menos115.jpg,2
menos116.jpg,2
menos117.jpg,2
menos118.jpg,2
menos119.jpg,2
menos12.jpg,2
menos120.jpg,2
menos121.jpg,2
menos122.jpg,2
menos123.jpg,2
menos124.jpg,2
menos125.jpg,2
menos126.jpg,2
menos127.jpg,2
menos128.jpg,2
menos129.jpg,2
menos13.jpg,2
menos130.jpg,2
menos131.jpg,2
menos132.jpg,2
menos133.jpg,2
menos134.jpg,2
menos135.jpg,2
menos136.jpg,2
menos137.jpg,2
menos138.jpg,2
menos139.jpg,2
menos14.jpg,2
menos140.jpg,2
menos141.jpg,2
menos142.jpg,2
menos143.jpg,2
menos144.jpg,2
menos145.jpg,2
menos146.jpg,2
menos147.jpg,2
menos148.jpg,2
menos149.jpg,2
menos15.jpg,2
menos150.jpg,2
menos151.jpg,2
menos152.jpg,2
menos153.jpg,2
menos154.jpg,2
menos155.jpg,2
menos156.jpg,2
menos157.jpg,2
menos158.jpg,2
menos159.jpg,2
menos16.jpg,2
menos160.jpg,2
menos161.jpg,2
menos162.jpg,2
menos163.jpg,2
menos164.jpg,2
menos165.jpg,2
menos166.jpg,2
menos167.jpg,2
menos168.jpg,2
menos169.jpg,2
menos17.jpg,2
menos170.jpg,2
menos171.jpg,2
menos172.jpg,2
menos173.jpg,2
menos174.jpg,2
menos175.jpg,2
menos176.jpg,2
menos177.jpg,2
menos178.jpg,2
menos179.jpg,2
menos18.jpg,2
menos180.jpg,2
menos181.jpg,2
menos182.jpg,2
menos183.jpg,2
menos184.jpg,2
menos185.jpg,2
menos186.jpg,2
menos187.jpg,2
menos188.jpg,2
menos189.jpg,2
menos19.jpg,2
menos190.jpg,2
menos191.jpg,2
menos192.jpg,2
menos193.jpg,2
menos194.jpg,2
menos195.jpg,2
menos196.jpg,2
menos197.jpg,2
menos198.jpg,2
menos199.jpg,2
menos2.jpg,2
menos20.jpg,2
menos200.jpg,2
menos201.jpg,2
menos202.jpg,2
menos203.jpg,2
menos204.jpg,2
menos205.jpg,2
menos206.jpg,2
menos207.jpg,2
menos208.jpg,2
menos209.jpg,2
menos21.jpg,2
menos210.jpg,2
menos211.jpg,2
menos212.jpg,2
menos213.jpg,2
menos214.jpg,2
menos215.jpg,2
menos216.jpg,2
menos217.jpg,2
menos218.jpg,2
menos219.jpg,2
menos22.jpg,2
menos220.jpg,2
menos221.jpg,2
menos222.jpg,2
menos223.jpg,2
menos224.jpg,2
menos225.jpg,2
menos226.jpg,2
menos227.jpg,2
menos228.jpg,2
menos229.jpg,2
menos23.jpg,2
menos230.jpg,2
menos231.jpg,2
menos232.jpg,2
menos233.jpg,2
menos234.jpg,2
menos235.jpg,2
menos236.jpg,2
menos237.jpg,2
menos238.jpg,2
menos239.jpg,2
menos24.jpg,2
menos240.jpg,2
menos241.jpg,2
menos242.jpg,2
menos243.jpg,2
menos244.jpg,2
menos245.jpg,2
menos246.jpg,2
menos247.jpg,2
menos248.jpg,2
menos249.jpg,2
menos25.jpg,2
menos250.jpg,2
menos251.jpg,2
menos252.jpg,2
menos253.jpg,2
menos254.jpg,2
menos255.jpg,2
menos256.jpg,2
menos257.jpg,2
menos258.jpg,2
menos259.jpg,2
menos26.jpg,2
menos260.jpg,2
menos261.jpg,2
menos262.jpg,2
menos263.jpg,2
menos264.jpg,2
menos265.jpg,2
menos266.jpg,2
menos267.jpg,2
menos268.jpg,2
menos269.jpg,2
menos27.jpg,2
menos270.jpg,2
menos271.jpg,2
menos272.jpg,2
menos273.jpg,2
menos274.jpg,2
menos275.jpg,2
menos276.jpg,2
menos277.jpg,2
menos278.jpg,2
menos279.jpg,2
menos28.jpg,2
menos280.jpg,2
menos281.jpg,2
menos282.jpg,2
menos283.jpg,2
menos284.jpg,2
menos285.jpg,2
menos286.jpg,2
menos287.jpg,2
menos288.jpg,2
menos289.jpg,2
menos29.jpg,2
menos290.jpg,2
menos291.jpg,2
menos292.jpg,2
menos293.jpg,2
menos294.jpg,2
menos295.jpg,2
menos296.jpg,2
menos297.jpg,2
menos298.jpg,2
menos299.jpg,2
menos3.jpg,2
menos30.jpg,2
menos300.jpg,2
menos301.jpg,2
menos302.jpg,2
menos303.jpg,2
menos304.jpg,2
menos305.jpg,2
menos306.jpg,2
menos307.jpg,2
menos308.jpg,2
menos309.jpg,2
menos31.jpg,2
menos310.jpg,2
menos311.jpg,2
menos312.jpg,2
menos313.jpg,2
menos314.jpg,2
menos315.jpg,2
menos316.jpg,2
menos317.jpg,2
menos318.jpg,2
menos319.jpg,2
menos32.jpg,2
menos320.jpg,2
menos321.jpg,2
menos322.jpg,2
menos323.jpg,2
menos324.jpg,2
menos325.jpg,2
menos326.jpg,2
menos327.jpg,2
menos328.jpg,2
menos329.jpg,2
menos33.jpg,2
menos330.jpg,2
menos331.jpg,2
menos332.jpg,2
menos333.jpg,2
menos334.jpg,2
menos335.jpg,2
menos336.jpg,2
menos337.jpg,2
menos338.jpg,2
menos339.jpg,2
menos34.jpg,2
menos340.jpg,2
menos341.jpg,2
menos342.jpg,2
menos343.jpg,2
menos344.jpg,2
menos345.jpg,2
menos346.jpg,2
menos347.jpg,2
menos348.jpg,2
menos349.jpg,2
menos35.jpg,2
menos350.jpg,2
menos351.jpg,2
menos352.jpg,2
menos353.jpg,2
menos354.jpg,2
menos355.jpg,2
menos356.jpg,2
menos357.jpg,2
menos358.jpg,2
menos359.jpg,2
menos36.jpg,2
menos360.jpg,2
menos361.jpg,2
menos362.jpg,2
menos363.jpg,2
menos364.jpg,2
menos365.jpg,2
menos366.jpg,2
menos367.jpg,2
menos368.jpg,2
menos369.jpg,2
menos37.jpg,2
menos370.jpg,2
menos371.jpg,2
menos372.jpg,2
menos373.jpg,2
menos374.jpg,2
menos375.jpg,2
menos376.jpg,2
menos377.jpg,2
menos378.jpg,2
menos379.jpg,2
menos38.jpg,2
menos380.jpg,2
menos381.jpg,2
menos382.jpg,2
menos383.jpg,2
menos384.jpg,2
menos385.jpg,2
menos386.jpg,2
menos387.jpg,2
menos388.jpg,2
menos389.jpg,2
menos39.jpg,2
menos390.jpg,2
menos391.jpg,2
menos392.jpg,2
menos393.jpg,2
menos394.jpg,2
menos395.jpg,2
menos396.jpg,2
menos397.jpg,2
menos398.jpg,2
menos399.jpg,2
menos4.jpg,2
menos40.jpg,2
menos400.jpg,2
menos401.jpg,2
menos402.jpg,2
menos403.jpg,2
menos404.jpg,2
menos405.jpg,2
menos406.jpg,2
menos407.jpg,2
menos408.jpg,2
menos409.jpg,2
menos41.jpg,2
menos410.jpg,2
menos411.jpg,2
menos412.jpg,2
menos413.jpg,2
menos414.jpg,2
menos415.jpg,2
menos416.jpg,2
menos417.jpg,2
menos418.jpg,2
menos419.jpg,2
menos42.jpg,2
menos420.jpg,2
menos421.jpg,2
menos422.jpg,2
menos423.jpg,2
menos424.jpg,2
menos425.jpg,2
menos426.jpg,2
menos427.jpg,2
menos428.jpg,2
menos429.jpg,2
menos43.jpg,2
menos430.jpg,2
menos431.jpg,2
menos432.jpg,2
menos433.jpg,2
menos434.jpg,2
menos435.jpg,2
menos436.jpg,2
menos437.jpg,2
menos438.jpg,2
menos439.jpg,2
menos44.jpg,2
menos440.jpg,2
menos441.jpg,2
menos442.jpg,2
menos443.jpg,2
menos444.jpg,2
menos445.jpg,2
menos446.jpg,2
menos447.jpg,2
menos448.jpg,2
menos449.jpg,2
menos45.jpg,2
menos450.jpg,2
menos451.jpg,2
menos452.jpg,2
menos453.jpg,2
menos454.jpg,2
menos455.jpg,2
menos456.jpg,2
menos457.jpg,2
menos458.jpg,2
menos459.jpg,2
menos46.jpg,2
menos460.jpg,2
menos461.jpg,2
menos462.jpg,2
menos463.jpg,2
menos464.jpg,2
menos465.jpg,2
menos466.jpg,2
menos467.jpg,2
menos468.jpg,2
menos469.jpg,2
menos47.jpg,2
menos470.jpg,2
menos471.jpg,2
menos472.jpg,2
menos473.jpg,2
menos474.jpg,2
menos475.jpg,2
menos476.jpg,2
menos477.jpg,2
menos478.jpg,2
menos479.jpg,2
menos48.jpg,2
menos480.jpg,2
menos481.jpg,2
menos482.jpg,2
menos483.jpg,2
menos484.jpg,2
menos485.jpg,2
menos486.jpg,2
menos487.jpg,2
menos488.jpg,2
menos489.jpg,2
menos49.jpg,2
menos490.jpg,2
menos491.jpg,2
menos492.jpg,2
menos493.jpg,2
menos494.jpg,2
menos495.jpg,2
menos496.jpg,2
menos497.jpg,2
menos498.jpg,2
menos499.jpg,2
menos5.jpg,2
menos50.jpg,2
menos500.jpg,2
menos501.jpg,2
menos502.jpg,2
menos503.jpg,2
menos504.jpg,2
menos505.jpg,2
menos506.jpg,2
menos507.jpg,2
menos508.jpg,2
menos509.jpg,2
menos51.jpg,2
menos510.jpg,2
menos511.jpg,2
menos512.jpg,2
menos513.jpg,2
menos514.jpg,2
menos515.jpg,2
menos516.jpg,2
menos517.jpg,2
menos518.jpg,2
menos519.jpg,2
menos52.jpg,2
menos520.jpg,2
menos521.jpg,2
menos522.jpg,2
menos523.jpg,2
menos524.jpg,2
menos525.jpg,2
menos526.jpg,2
menos527.jpg,2
menos528.jpg,2
menos529.jpg,2
menos53.jpg,2
menos530.jpg,2
menos531.jpg,2
menos532.jpg,2
menos533.jpg,2
menos534.jpg,2
menos535.jpg,2
menos536.jpg,2
menos537.jpg,2
menos538.jpg,2
menos539.jpg,2
menos54.jpg,2
menos540.jpg,2
menos541.jpg,2
menos542.jpg,2
menos543.jpg,2
menos544.jpg,2
menos545.jpg,2
menos546.jpg,2
menos547.jpg,2
menos548.jpg,2
menos549.jpg,2
menos55.jpg,2
menos550.jpg,2
menos551.jpg,2
menos552.jpg,2
menos553.jpg,2
menos554.jpg,2
menos555.jpg,2
menos556.jpg,2
menos557.jpg,2
menos558.jpg,2
menos559.jpg,2
menos56.jpg,2
menos560.jpg,2
menos561.jpg,2
menos562.jpg,2
menos563.jpg,2
menos564.jpg,2
menos565.jpg,2
menos566.jpg,2
menos567.jpg,2
menos568.jpg,2
menos569.jpg,2
menos57.jpg,2
menos570.jpg,2
menos571.jpg,2
menos572.jpg,2
menos573.jpg,2
menos574.jpg,2
menos575.jpg,2
menos576.jpg,2
menos577.jpg,2
menos578.jpg,2
menos579.jpg,2
menos58.jpg,2
menos580.jpg,2
menos581.jpg,2
menos582.jpg,2
menos583.jpg,2
menos584.jpg,2
menos585.jpg,2
menos586.jpg,2
menos587.jpg,2
menos588.jpg,2
menos589.jpg,2
menos59.jpg,2
menos590.jpg,2
menos591.jpg,2
menos592.jpg,2
menos593.jpg,2
menos594.jpg,2
menos595.jpg,2
menos596.jpg,2
menos597.jpg,2
menos598.jpg,2
menos599.jpg,2
menos6.jpg,2
menos60.jpg,2
menos600.jpg,2
menos601.jpg,2
menos602.jpg,2
menos603.jpg,2
menos604.jpg,2
menos605.jpg,2
menos606.jpg,2
menos607.jpg,2
menos608.jpg,2
menos609.jpg,2
menos61.jpg,2
menos610.jpg,2
menos611.jpg,2
menos612.jpg,2
menos613.jpg,2
menos614.jpg,2
menos615.jpg,2
menos616.jpg,2
menos617.jpg,2
menos618.jpg,2
menos619.jpg,2
menos62.jpg,2
menos620.jpg,2
menos621.jpg,2
menos622.jpg,2
menos623.jpg,2
menos624.jpg,2
menos625.jpg,2
menos626.jpg,2
menos627.jpg,2
menos628.jpg,2
menos629.jpg,2
menos63.jpg,2
menos630.jpg,2
menos631.jpg,2
menos632.jpg,2
menos633.jpg,2
menos634.jpg,2
menos635.jpg,2
menos636.jpg,2
menos637.jpg,2
menos638.jpg,2
menos639.jpg,2
menos64.jpg,2
menos640.jpg,2
menos641.jpg,2
menos642.jpg,2
menos643.jpg,2
menos644.jpg,2
menos645.jpg,2
menos646.jpg,2
menos647.jpg,2
menos648.jpg,2
menos649.jpg,2
menos65.jpg,2
menos650.jpg,2
menos651.jpg,2
menos652.jpg,2
menos653.jpg,2
menos654.jpg,2
menos655.jpg,2
menos656.jpg,2
menos657.jpg,2
menos658.jpg,2
menos659.jpg,2
menos66.jpg,2
menos660.jpg,2
menos661.jpg,2
menos662.jpg,2
menos663.jpg,2
menos664.jpg,2
menos67.jpg,2
menos68.jpg,2
menos69.jpg,2
menos7.jpg,2
menos70.jpg,2
menos71.jpg,2
menos72.jpg,2
menos73.jpg,2
menos74.jpg,2
menos75.jpg,2
menos76.jpg,2
menos77.jpg,2
menos78.jpg,2
menos79.jpg,2
menos8.jpg,2
menos80.jpg,2
menos81.jpg,2
menos82.jpg,2
menos83.jpg,2
menos84.jpg,2
menos85.jpg,2
menos86.jpg,2
menos87.jpg,2
menos88.jpg,2
menos89.jpg,2
menos9.jpg,2
menos90.jpg,2
menos91.jpg,2
menos92.jpg,2
menos93.jpg,2
menos94.jpg,2
menos95.jpg,2
menos96.jpg,2
menos97.jpg,2
menos98.jpg,2
menos99.jpg,2
multi0.jpg,3
multi1.jpg,3
multi10.jpg,3
multi100.jpg,3
multi1000.jpg,3
multi1001.jpg,3
multi1002.jpg,3
multi1003.jpg,3
multi1004.jpg,3
multi1005.jpg,3
multi1006.jpg,3
multi1007.jpg,3
multi1008.jpg,3
multi1009.jpg,3
multi101.jpg,3
multi1010.jpg,3
multi1011.jpg,3
multi1012.jpg,3
multi1013.jpg,3
multi1014.jpg,3
multi1015.jpg,3
multi1016.jpg,3
multi1017.jpg,3
multi1018.jpg,3
multi1019.jpg,3
multi102.jpg,3
multi1020.jpg,3
multi1021.jpg,3
multi1022.jpg,3
multi1023.jpg,3
multi1024.jpg,3
multi1025.jpg,3
multi1026.jpg,3
multi1027.jpg,3
multi1028.jpg,3
multi1029.jpg,3
multi103.jpg,3
multi1030.jpg,3
multi1031.jpg,3
multi1032.jpg,3
multi1033.jpg,3
multi1034.jpg,3
multi1035.jpg,3
multi1036.jpg,3
multi1037.jpg,3
multi1038.jpg,3
multi1039.jpg,3
multi104.jpg,3
multi1040.jpg,3
multi1041.jpg,3
multi1042.jpg,3
multi1043.jpg,3
multi1044.jpg,3
multi1045.jpg,3
multi1046.jpg,3
multi1047.jpg,3
multi1048.jpg,3
multi1049.jpg,3
multi105.jpg,3
multi1050.jpg,3
multi1051.jpg,3
multi1052.jpg,3
multi1053.jpg,3
multi1054.jpg,3
multi1055.jpg,3
multi1056.jpg,3
multi1057.jpg,3
multi1058.jpg,3
multi1059.jpg,3
multi106.jpg,3
multi1060.jpg,3
multi1061.jpg,3
multi1062.jpg,3
multi1063.jpg,3
multi1064.jpg,3
multi1065.jpg,3
multi1066.jpg,3
multi1067.jpg,3
multi1068.jpg,3
multi1069.jpg,3
multi107.jpg,3
multi1070.jpg,3
multi1071.jpg,3
multi1072.jpg,3
multi1073.jpg,3
multi1074.jpg,3
multi1075.jpg,3
multi1076.jpg,3
multi1077.jpg,3
multi1078.jpg,3
multi1079.jpg,3
multi108.jpg,3
multi1080.jpg,3
multi1081.jpg,3
multi1082.jpg,3
multi1083.jpg,3
multi1084.jpg,3
multi1085.jpg,3
multi1086.jpg,3
multi1087.jpg,3
multi1088.jpg,3
multi1089.jpg,3
multi109.jpg,3
multi1090.jpg,3
multi1091.jpg,3
multi1092.jpg,3
multi1093.jpg,3
multi1094.jpg,3
multi1095.jpg,3
multi1096.jpg,3
multi1097.jpg,3
multi1098.jpg,3
multi1099.jpg,3
multi11.jpg,3
multi110.jpg,3
multi1100.jpg,3
multi1101.jpg,3
multi1102.jpg,3
multi1103.jpg,3
multi1104.jpg,3
multi1105.jpg,3
multi1106.jpg,3
multi1107.jpg,3
multi1108.jpg,3
multi1109.jpg,3
multi111.jpg,3
multi1110.jpg,3
multi1111.jpg,3
multi1112.jpg,3
multi1113.jpg,3
multi1114.jpg,3
multi1115.jpg,3
multi1116.jpg,3
multi1117.jpg,3
multi1118.jpg,3
multi1119.jpg,3
multi112.jpg,3
multi1120.jpg,3
multi1121.jpg,3
multi1122.jpg,3
multi1123.jpg,3
multi1124.jpg,3
multi1125.jpg,3
multi1126.jpg,3
multi1127.jpg,3
multi1128.jpg,3
multi1129.jpg,3
multi113.jpg,3
multi1130.jpg,3
multi1131.jpg,3
multi1132.jpg,3
multi1133.jpg,3
multi1134.jpg,3
multi1135.jpg,3
multi1136.jpg,3
multi1137.jpg,3
multi1138.jpg,3
multi1139.jpg,3
multi114.jpg,3
multi1140.jpg,3
multi1141.jpg,3
multi1142.jpg,3
multi1143.jpg,3
multi1144.jpg,3
multi1145.jpg,3
multi1146.jpg,3
multi1147.jpg,3
multi1148.jpg,3
multi1149.jpg,3
multi115.jpg,3
multi1150.jpg,3
multi1151.jpg,3
multi1152.jpg,3
multi1153.jpg,3
multi1154.jpg,3
multi1155.jpg,3
multi1156.jpg,3
multi1157.jpg,3
multi1158.jpg,3
multi1159.jpg,3
multi116.jpg,3
multi1160.jpg,3
multi1161.jpg,3
multi1162.jpg,3
multi1163.jpg,3
multi1164.jpg,3
multi1165.jpg,3
multi1166.jpg,3
multi1167.jpg,3
multi1168.jpg,3
multi1169.jpg,3
multi117.jpg,3
multi1170.jpg,3
multi1171.jpg,3
multi1172.jpg,3
multi1173.jpg,3
multi1174.jpg,3
multi1175.jpg,3
multi1176.jpg,3
multi1177.jpg,3
multi1178.jpg,3
multi1179.jpg,3
multi118.jpg,3
multi1180.jpg,3
multi1181.jpg,3
multi1182.jpg,3
multi1183.jpg,3
multi1184.jpg,3
multi1185.jpg,3
multi1186.jpg,3
multi1187.jpg,3
multi1188.jpg,3
multi1189.jpg,3
multi119.jpg,3
multi1190.jpg,3
multi1191.jpg,3
multi1192.jpg,3
multi1193.jpg,3
multi1194.jpg,3
multi1195.jpg,3
multi1196.jpg,3
multi1197.jpg,3
multi1198.jpg,3
multi1199.jpg,3
multi12.jpg,3
multi120.jpg,3
multi1200.jpg,3
multi1201.jpg,3
multi1202.jpg,3
multi1203.jpg,3
multi1204.jpg,3
multi1205.jpg,3
multi1206.jpg,3
multi1207.jpg,3
multi121.jpg,3
multi122.jpg,3
multi123.jpg,3
multi124.jpg,3
multi125.jpg,3
multi126.jpg,3
multi127.jpg,3
multi128.jpg,3
multi129.jpg,3
multi13.jpg,3
multi130.jpg,3
multi131.jpg,3
multi132.jpg,3
multi133.jpg,3
multi134.jpg,3
multi135.jpg,3
multi136.jpg,3
multi137.jpg,3
multi138.jpg,3
multi139.jpg,3
multi14.jpg,3
multi140.jpg,3
multi141.jpg,3
multi142.jpg,3
multi143.jpg,3
multi144.jpg,3
multi145.jpg,3
multi146.jpg,3
multi147.jpg,3
multi148.jpg,3
multi149.jpg,3
multi15.jpg,3
multi150.jpg,3
multi151.jpg,3
multi152.jpg,3
multi153.jpg,3
multi154.jpg,3
multi155.jpg,3
multi156.jpg,3
multi157.jpg,3
multi158.jpg,3
multi159.jpg,3
multi16.jpg,3
multi160.jpg,3
multi161.jpg,3
multi162.jpg,3
multi163.jpg,3
multi164.jpg,3
multi165.jpg,3
multi166.jpg,3
multi167.jpg,3
multi168.jpg,3
multi169.jpg,3
multi17.jpg,3
multi170.jpg,3
multi171.jpg,3
multi172.jpg,3
multi173.jpg,3
multi174.jpg,3
multi175.jpg,3
multi176.jpg,3
multi177.jpg,3
multi178.jpg,3
multi179.jpg,3
multi18.jpg,3
multi180.jpg,3
multi181.jpg,3
multi182.jpg,3
multi183.jpg,3
multi184.jpg,3
multi185.jpg,3
multi186.jpg,3
multi187.jpg,3
multi188.jpg,3
multi189.jpg,3
multi19.jpg,3
multi190.jpg,3
multi191.jpg,3
multi192.jpg,3
multi193.jpg,3
multi194.jpg,3
multi195.jpg,3
multi196.jpg,3
multi197.jpg,3
multi198.jpg,3
multi199.jpg,3
multi2.jpg,3
multi20.jpg,3
multi200.jpg,3
multi201.jpg,3
multi202.jpg,3
multi203.jpg,3
multi204.jpg,3
multi205.jpg,3
multi206.jpg,3
multi207.jpg,3
multi208.jpg,3
multi209.jpg,3
multi21.jpg,3
multi210.jpg,3
multi211.jpg,3
multi212.jpg,3
multi213.jpg,3
multi214.jpg,3
multi215.jpg,3
multi216.jpg,3
multi217.jpg,3
multi218.jpg,3
multi219.jpg,3
multi22.jpg,3
multi220.jpg,3
multi221.jpg,3
multi222.jpg,3
multi223.jpg,3
multi224.jpg,3
multi225.jpg,3
multi226.jpg,3
multi227.jpg,3
multi228.jpg,3
multi229.jpg,3
multi23.jpg,3
multi230.jpg,3
multi231.jpg,3
multi232.jpg,3
multi233.jpg,3
multi234.jpg,3
multi235.jpg,3
multi236.jpg,3
multi237.jpg,3
multi238.jpg,3
multi239.jpg,3
multi24.jpg,3
multi240.jpg,3
multi241.jpg,3
multi242.jpg,3
multi243.jpg,3
multi244.jpg,3
multi245.jpg,3
multi246.jpg,3
multi247.jpg,3
multi248.jpg,3
multi249.jpg,3
multi25.jpg,3
multi250.jpg,3
multi251.jpg,3
multi252.jpg,3
multi253.jpg,3
multi254.jpg,3
multi255.jpg,3
multi256.jpg,3
multi257.jpg,3
multi258.jpg,3
multi259.jpg,3
multi26.jpg,3
multi260.jpg,3
multi261.jpg,3
multi262.jpg,3
multi263.jpg,3
multi264.jpg,3
multi265.jpg,3
multi266.jpg,3
multi267.jpg,3
multi268.jpg,3
multi269.jpg,3
multi27.jpg,3
multi270.jpg,3
multi271.jpg,3
multi272.jpg,3
multi273.jpg,3
multi274.jpg,3
multi275.jpg,3
multi276.jpg,3
multi277.jpg,3
multi278.jpg,3
multi279.jpg,3
multi28.jpg,3
multi280.jpg,3
multi281.jpg,3
multi282.jpg,3
multi283.jpg,3
multi284.jpg,3
multi285.jpg,3
multi286.jpg,3
multi287.jpg,3
multi288.jpg,3
multi289.jpg,3
multi29.jpg,3
multi290.jpg,3
multi291.jpg,3
multi292.jpg,3
multi293.jpg,3
multi294.jpg,3
multi295.jpg,3
multi296.jpg,3
multi297.jpg,3
multi298.jpg,3
multi299.jpg,3
multi3.jpg,3
multi30.jpg,3
multi300.jpg,3
multi301.jpg,3
multi302.jpg,3
multi303.jpg,3
multi304.jpg,3
multi305.jpg,3
multi306.jpg,3
multi307.jpg,3
multi308.jpg,3
multi309.jpg,3
multi31.jpg,3
multi310.jpg,3
multi311.jpg,3
multi312.jpg,3
multi313.jpg,3
multi314.jpg,3
multi315.jpg,3
multi316.jpg,3
multi317.jpg,3
multi318.jpg,3
multi319.jpg,3
multi32.jpg,3
multi320.jpg,3
multi321.jpg,3
multi322.jpg,3
multi323.jpg,3
multi324.jpg,3
multi325.jpg,3
multi326.jpg,3
multi327.jpg,3
multi328.jpg,3
multi329.jpg,3
multi33.jpg,3
multi330.jpg,3
multi331.jpg,3
multi332.jpg,3
multi333.jpg,3
multi334.jpg,3
multi335.jpg,3
multi336.jpg,3
multi337.jpg,3
multi338.jpg,3
multi339.jpg,3
multi34.jpg,3
multi340.jpg,3
multi341.jpg,3
multi342.jpg,3
multi343.jpg,3
multi344.jpg,3
multi345.jpg,3
multi346.jpg,3
multi347.jpg,3
multi348.jpg,3
multi349.jpg,3
multi35.jpg,3
multi350.jpg,3
multi351.jpg,3
multi352.jpg,3
multi353.jpg,3
multi354.jpg,3
multi355.jpg,3
multi356.jpg,3
multi357.jpg,3
multi358.jpg,3
multi359.jpg,3
multi36.jpg,3
multi360.jpg,3
multi361.jpg,3
multi362.jpg,3
multi363.jpg,3
multi364.jpg,3
multi365.jpg,3
multi366.jpg,3
multi367.jpg,3
multi368.jpg,3
multi369.jpg,3
multi37.jpg,3
multi370.jpg,3
multi371.jpg,3
multi372.jpg,3
multi373.jpg,3
multi374.jpg,3
multi375.jpg,3
multi376.jpg,3
multi377.jpg,3
multi378.jpg,3
multi379.jpg,3
multi38.jpg,3
multi380.jpg,3
multi381.jpg,3
multi382.jpg,3
multi383.jpg,3
multi384.jpg,3
multi385.jpg,3
multi386.jpg,3
multi387.jpg,3
multi388.jpg,3
multi389.jpg,3
multi39.jpg,3
multi390.jpg,3
multi391.jpg,3
multi392.jpg,3
multi393.jpg,3
multi394.jpg,3
multi395.jpg,3
multi396.jpg,3
multi397.jpg,3
multi398.jpg,3
multi399.jpg,3
multi4.jpg,3
multi40.jpg,3
multi400.jpg,3
multi401.jpg,3
multi402.jpg,3
multi403.jpg,3
multi404.jpg,3
multi405.jpg,3
multi406.jpg,3
multi407.jpg,3
multi408.jpg,3
multi409.jpg,3
multi41.jpg,3
multi410.jpg,3
multi411.jpg,3
multi412.jpg,3
multi413.jpg,3
multi414.jpg,3
multi415.jpg,3
multi416.jpg,3
multi417.jpg,3
multi418.jpg,3
multi419.jpg,3
multi42.jpg,3
multi420.jpg,3
multi421.jpg,3
multi422.jpg,3
multi423.jpg,3
multi424.jpg,3
multi425.jpg,3
multi426.jpg,3
multi427.jpg,3
multi428.jpg,3
multi429.jpg,3
multi43.jpg,3
multi430.jpg,3
multi431.jpg,3
multi432.jpg,3
multi433.jpg,3
multi434.jpg,3
multi435.jpg,3
multi436.jpg,3
multi437.jpg,3
multi438.jpg,3
multi439.jpg,3
multi44.jpg,3
multi440.jpg,3
multi441.jpg,3
multi442.jpg,3
multi443.jpg,3
multi444.jpg,3
multi445.jpg,3
multi446.jpg,3
multi447.jpg,3
multi448.jpg,3
multi449.jpg,3
multi45.jpg,3
multi450.jpg,3
multi451.jpg,3
multi452.jpg,3
multi453.jpg,3
multi454.jpg,3
multi455.jpg,3
multi456.jpg,3
multi457.jpg,3
multi458.jpg,3
multi459.jpg,3
multi46.jpg,3
multi460.jpg,3
multi461.jpg,3
multi462.jpg,3
multi463.jpg,3
multi464.jpg,3
multi465.jpg,3
multi466.jpg,3
multi467.jpg,3
multi468.jpg,3
multi469.jpg,3
multi47.jpg,3
multi470.jpg,3
multi471.jpg,3
multi472.jpg,3
multi473.jpg,3
multi474.jpg,3
multi475.jpg,3
multi476.jpg,3
multi477.jpg,3
multi478.jpg,3
multi479.jpg,3
multi48.jpg,3
multi480.jpg,3
multi481.jpg,3
multi482.jpg,3
multi483.jpg,3
multi484.jpg,3
multi485.jpg,3
multi486.jpg,3
multi487.jpg,3
multi488.jpg,3
multi489.jpg,3
multi49.jpg,3
multi490.jpg,3
multi491.jpg,3
multi492.jpg,3
multi493.jpg,3
multi494.jpg,3
multi495.jpg,3
multi496.jpg,3
multi497.jpg,3
multi498.jpg,3
multi499.jpg,3
multi5.jpg,3
multi50.jpg,3
multi500.jpg,3
multi501.jpg,3
multi502.jpg,3
multi503.jpg,3
multi504.jpg,3
multi505.jpg,3
multi506.jpg,3
multi507.jpg,3
multi508.jpg,3
multi509.jpg,3
multi51.jpg,3
multi510.jpg,3
multi511.jpg,3
multi512.jpg,3
multi513.jpg,3
multi514.jpg,3
multi515.jpg,3
multi516.jpg,3
multi517.jpg,3
multi518.jpg,3
multi519.jpg,3
multi52.jpg,3
multi520.jpg,3
multi521.jpg,3
multi522.jpg,3
multi523.jpg,3
multi524.jpg,3
multi525.jpg,3
multi526.jpg,3
multi527.jpg,3
multi528.jpg,3
multi529.jpg,3
multi53.jpg,3
multi530.jpg,3
multi531.jpg,3
multi532.jpg,3
multi533.jpg,3
multi534.jpg,3
multi535.jpg,3
multi536.jpg,3
multi537.jpg,3
multi538.jpg,3
multi539.jpg,3
multi54.jpg,3
multi540.jpg,3
multi541.jpg,3
multi542.jpg,3
multi543.jpg,3
multi544.jpg,3
multi545.jpg,3
multi546.jpg,3
multi547.jpg,3
multi548.jpg,3
multi549.jpg,3
multi55.jpg,3
multi550.jpg,3
multi551.jpg,3
multi552.jpg,3
multi553.jpg,3
multi554.jpg,3
multi555.jpg,3
multi556.jpg,3
multi557.jpg,3
multi558.jpg,3
multi559.jpg,3
multi56.jpg,3
multi560.jpg,3
multi561.jpg,3
multi562.jpg,3
multi563.jpg,3
multi564.jpg,3
multi565.jpg,3
multi566.jpg,3
multi567.jpg,3
multi568.jpg,3
multi569.jpg,3
multi57.jpg,3
multi570.jpg,3
multi571.jpg,3
multi572.jpg,3
multi573.jpg,3
multi574.jpg,3
multi575.jpg,3
multi576.jpg,3
multi577.jpg,3
multi578.jpg,3
multi579.jpg,3
multi58.jpg,3
multi580.jpg,3
multi581.jpg,3
multi582.jpg,3
multi583.jpg,3
multi584.jpg,3
multi585.jpg,3
multi586.jpg,3
multi587.jpg,3
multi588.jpg,3
multi589.jpg,3
multi59.jpg,3
multi590.jpg,3
multi591.jpg,3
multi592.jpg,3
multi593.jpg,3
multi594.jpg,3
multi595.jpg,3
multi596.jpg,3
multi597.jpg,3
multi598.jpg,3
multi599.jpg,3
multi6.jpg,3
multi60.jpg,3
multi600.jpg,3
multi601.jpg,3
multi602.jpg,3
multi603.jpg,3
multi604.jpg,3
multi605.jpg,3
multi606.jpg,3
multi607.jpg,3
multi608.jpg,3
multi609.jpg,3
multi61.jpg,3
multi610.jpg,3
multi611.jpg,3
multi612.jpg,3
multi613.jpg,3
multi614.jpg,3
multi615.jpg,3
multi616.jpg,3
multi617.jpg,3
multi618.jpg,3
multi619.jpg,3
multi62.jpg,3
multi620.jpg,3
multi621.jpg,3
multi622.jpg,3
multi623.jpg,3
multi624.jpg,3
multi625.jpg,3
multi626.jpg,3
multi627.jpg,3
multi628.jpg,3
multi629.jpg,3
multi63.jpg,3
multi630.jpg,3
multi631.jpg,3
multi632.jpg,3
multi633.jpg,3
multi634.jpg,3
multi635.jpg,3
multi636.jpg,3
multi637.jpg,3
multi638.jpg,3
multi639.jpg,3
multi64.jpg,3
multi640.jpg,3
multi641.jpg,3
multi642.jpg,3
multi643.jpg,3
multi644.jpg,3
multi645.jpg,3
multi646.jpg,3
multi647.jpg,3
multi648.jpg,3
multi649.jpg,3
multi65.jpg,3
multi650.jpg,3
multi651.jpg,3
multi652.jpg,3
multi653.jpg,3
multi654.jpg,3
multi655.jpg,3
multi656.jpg,3
multi657.jpg,3
multi658.jpg,3
multi659.jpg,3
multi66.jpg,3
multi660.jpg,3
multi661.jpg,3
multi662.jpg,3
multi663.jpg,3
multi664.jpg,3
multi665.jpg,3
multi666.jpg,3
multi667.jpg,3
multi668.jpg,3
multi669.jpg,3
multi67.jpg,3
multi670.jpg,3
multi671.jpg,3
multi672.jpg,3
multi673.jpg,3
multi674.jpg,3
multi675.jpg,3
multi676.jpg,3
multi677.jpg,3
multi678.jpg,3
multi679.jpg,3
multi68.jpg,3
multi680.jpg,3
multi681.jpg,3
multi682.jpg,3
multi683.jpg,3
multi684.jpg,3
multi685.jpg,3
multi686.jpg,3
multi687.jpg,3
multi688.jpg,3
multi689.jpg,3
multi69.jpg,3
multi690.jpg,3
multi691.jpg,3
multi692.jpg,3
multi693.jpg,3
multi694.jpg,3
multi695.jpg,3
multi696.jpg,3
multi697.jpg,3
multi698.jpg,3
multi699.jpg,3
multi7.jpg,3
multi70.jpg,3
multi700.jpg,3
multi701.jpg,3
multi702.jpg,3
multi703.jpg,3
multi704.jpg,3
multi705.jpg,3
multi706.jpg,3
multi707.jpg,3
multi708.jpg,3
multi709.jpg,3
multi71.jpg,3
multi710.jpg,3
multi711.jpg,3
multi712.jpg,3
multi713.jpg,3
multi714.jpg,3
multi715.jpg,3
multi716.jpg,3
multi717.jpg,3
multi718.jpg,3
multi719.jpg,3
multi72.jpg,3
multi720.jpg,3
multi721.jpg,3
multi722.jpg,3
multi723.jpg,3
multi724.jpg,3
multi725.jpg,3
multi726.jpg,3
multi727.jpg,3
multi728.jpg,3
multi729.jpg,3
multi73.jpg,3
multi730.jpg,3
multi731.jpg,3
multi732.jpg,3
multi733.jpg,3
multi734.jpg,3
multi735.jpg,3
multi736.jpg,3
multi737.jpg,3
multi738.jpg,3
multi739.jpg,3
multi74.jpg,3
multi740.jpg,3
multi741.jpg,3
multi742.jpg,3
multi743.jpg,3
multi744.jpg,3
multi745.jpg,3
multi746.jpg,3
multi747.jpg,3
multi748.jpg,3
multi749.jpg,3
multi75.jpg,3
multi750.jpg,3
multi751.jpg,3
multi752.jpg,3
multi753.jpg,3
multi754.jpg,3
multi755.jpg,3
multi756.jpg,3
multi757.jpg,3
multi758.jpg,3
multi759.jpg,3
multi76.jpg,3
multi760.jpg,3
multi761.jpg,3
multi762.jpg,3
multi763.jpg,3
multi764.jpg,3
multi765.jpg,3
multi766.jpg,3
multi767.jpg,3
multi768.jpg,3
multi769.jpg,3
multi77.jpg,3
multi770.jpg,3
multi771.jpg,3
multi772.jpg,3
multi773.jpg,3
multi774.jpg,3
multi775.jpg,3
multi776.jpg,3
multi777.jpg,3
multi778.jpg,3
multi779.jpg,3
multi78.jpg,3
multi780.jpg,3
multi781.jpg,3
multi782.jpg,3
multi783.jpg,3
multi784.jpg,3
multi785.jpg,3
multi786.jpg,3
multi787.jpg,3
multi788.jpg,3
multi789.jpg,3
multi79.jpg,3
multi790.jpg,3
multi791.jpg,3
multi792.jpg,3
multi793.jpg,3
multi794.jpg,3
multi795.jpg,3
multi796.jpg,3
multi797.jpg,3
multi798.jpg,3
multi799.jpg,3
multi8.jpg,3
multi80.jpg,3
multi800.jpg,3
multi801.jpg,3
multi802.jpg,3
multi803.jpg,3
multi804.jpg,3
multi805.jpg,3
multi806.jpg,3
multi807.jpg,3
multi808.jpg,3
multi809.jpg,3
multi81.jpg,3
multi810.jpg,3
multi811.jpg,3
multi812.jpg,3
multi813.jpg,3
multi814.jpg,3
multi815.jpg,3
multi816.jpg,3
multi817.jpg,3
multi818.jpg,3
multi819.jpg,3
multi82.jpg,3
multi820.jpg,3
multi821.jpg,3
multi822.jpg,3
multi823.jpg,3
multi824.jpg,3
multi825.jpg,3
multi826.jpg,3
multi827.jpg,3
multi828.jpg,3
multi829.jpg,3
multi83.jpg,3
multi830.jpg,3
multi831.jpg,3
multi832.jpg,3
multi833.jpg,3
multi834.jpg,3
multi835.jpg,3
multi836.jpg,3
multi837.jpg,3
multi838.jpg,3
multi839.jpg,3
multi84.jpg,3
multi840.jpg,3
multi841.jpg,3
multi842.jpg,3
multi843.jpg,3
multi844.jpg,3
multi845.jpg,3
multi846.jpg,3
multi847.jpg,3
multi848.jpg,3
multi849.jpg,3
multi85.jpg,3
multi850.jpg,3
multi851.jpg,3
multi852.jpg,3
multi853.jpg,3
multi854.jpg,3
multi855.jpg,3
multi856.jpg,3
multi857.jpg,3
multi858.jpg,3
multi859.jpg,3
multi86.jpg,3
multi860.jpg,3
multi861.jpg,3
multi862.jpg,3
multi863.jpg,3
multi864.jpg,3
multi865.jpg,3
multi866.jpg,3
multi867.jpg,3
multi868.jpg,3
multi869.jpg,3
multi87.jpg,3
multi870.jpg,3
multi871.jpg,3
multi872.jpg,3
multi873.jpg,3
multi874.jpg,3
multi875.jpg,3
multi876.jpg,3
multi877.jpg,3
multi878.jpg,3
multi879.jpg,3
multi88.jpg,3
multi880.jpg,3
multi881.jpg,3
multi882.jpg,3
multi883.jpg,3
multi884.jpg,3
multi885.jpg,3
multi886.jpg,3
multi887.jpg,3
multi888.jpg,3
multi889.jpg,3
multi89.jpg,3
multi890.jpg,3
multi891.jpg,3
multi892.jpg,3
multi893.jpg,3
multi894.jpg,3
multi895.jpg,3
multi896.jpg,3
multi897.jpg,3
multi898.jpg,3
multi899.jpg,3
multi9.jpg,3
multi90.jpg,3
multi900.jpg,3
multi901.jpg,3
multi902.jpg,3
multi903.jpg,3
multi904.jpg,3
multi905.jpg,3
multi906.jpg,3
multi907.jpg,3
multi908.jpg,3
multi909.jpg,3
multi91.jpg,3
multi910.jpg,3
multi911.jpg,3
multi912.jpg,3
multi913.jpg,3
multi914.jpg,3
multi915.jpg,3
multi916.jpg,3
multi917.jpg,3
multi918.jpg,3
multi919.jpg,3
multi92.jpg,3
multi920.jpg,3
multi921.jpg,3
multi922.jpg,3
multi923.jpg,3
multi924.jpg,3
multi925.jpg,3
multi926.jpg,3
multi927.jpg,3
multi928.jpg,3
multi929.jpg,3
multi93.jpg,3
multi930.jpg,3
multi931.jpg,3
multi932.jpg,3
multi933.jpg,3
multi934.jpg,3
multi935.jpg,3
multi936.jpg,3
multi937.jpg,3
multi938.jpg,3
multi939.jpg,3
multi94.jpg,3
multi940.jpg,3
multi941.jpg,3
multi942.jpg,3
multi943.jpg,3
multi944.jpg,3
multi945.jpg,3
multi946.jpg,3
multi947.jpg,3
multi948.jpg,3
multi949.jpg,3
multi95.jpg,3
multi950.jpg,3
multi951.jpg,3
multi952.jpg,3
multi953.jpg,3
multi954.jpg,3
multi955.jpg,3
multi956.jpg,3
multi957.jpg,3
multi958.jpg,3
multi959.jpg,3
multi96.jpg,3
multi960.jpg,3
multi961.jpg,3
multi962.jpg,3
multi963.jpg,3
multi964.jpg,3
multi965.jpg,3
multi966.jpg,3
multi967.jpg,3
multi968.jpg,3
multi969.jpg,3
multi97.jpg,3
multi970.jpg,3
multi971.jpg,3
multi972.jpg,3
multi973.jpg,3
multi974.jpg,3
multi975.jpg,3
multi976.jpg,3
multi977.jpg,3
multi978.jpg,3
multi979.jpg,3
multi98.jpg,3
multi980.jpg,3
multi981.jpg,3
multi982.jpg,3
multi983.jpg,3
multi984.jpg,3
multi985.jpg,3
multi986.jpg,3
multi987.jpg,3
multi988.jpg,3
multi989.jpg,3
multi99.jpg,3
multi990.jpg,3
multi991.jpg,3
multi992.jpg,3
multi993.jpg,3
multi994.jpg,3
multi995.jpg,3
multi996.jpg,3
multi997.jpg,3
multi998.jpg,3
multi999.jpg,3
